2025-06-14 12:27:00,565 - INFO - root - Logging configuration completed
2025-06-14 12:27:00,646 - INFO - app.detection.model - Successfully loaded YOLO model from app/models/malaria_yolov10.pt
2025-06-14 12:27:00,647 - INFO - app - Flask application initialized successfully
2025-06-14 12:27:05,678 - INFO - werkzeug - [31m[1mWARNING: This is a development server. Do not use it in a production deployment. Use a production WSGI server instead.[0m
 * Running on all addresses (0.0.0.0)
 * Running on http://127.0.0.1:5000
 * Running on http://192.168.1.69:5000
2025-06-14 12:27:05,679 - INFO - werkzeug - [33mPress CTRL+C to quit[0m
2025-06-14 12:27:43,520 - INFO - root - Logging configuration completed
2025-06-14 12:27:43,581 - INFO - app.detection.model - Successfully loaded YOLO model from app/models/malaria_yolov10.pt
2025-06-14 12:27:43,582 - INFO - app - Flask application initialized successfully
2025-06-14 12:27:48,652 - INFO - werkzeug - [31m[1mWARNING: This is a development server. Do not use it in a production deployment. Use a production WSGI server instead.[0m
 * Running on all addresses (0.0.0.0)
 * Running on http://127.0.0.1:5000
 * Running on http://192.168.1.69:5000
2025-06-14 12:27:48,652 - INFO - werkzeug - [33mPress CTRL+C to quit[0m
2025-06-14 12:27:48,659 - INFO - werkzeug -  * Restarting with stat
2025-06-14 12:27:50,931 - INFO - root - Logging configuration completed
2025-06-14 12:27:50,988 - INFO - app.detection.model - Successfully loaded YOLO model from app/models/malaria_yolov10.pt
2025-06-14 12:27:50,989 - INFO - app - Flask application initialized successfully
2025-06-14 12:27:50,999 - WARNING - werkzeug -  * Debugger is active!
2025-06-14 12:27:51,018 - INFO - werkzeug -  * Debugger PIN: 527-662-266
2025-06-14 12:28:02,317 - INFO - werkzeug - 127.0.0.1 - - [14/Jun/2025 12:28:02] "[33mGET / HTTP/1.1[0m" 404 -
2025-06-14 12:28:02,899 - INFO - werkzeug - 127.0.0.1 - - [14/Jun/2025 12:28:02] "[33mGET /favicon.ico HTTP/1.1[0m" 404 -
2025-06-14 12:28:11,713 - INFO - werkzeug - 127.0.0.1 - - [14/Jun/2025 12:28:11] "[33mGET /dianose HTTP/1.1[0m" 404 -
2025-06-14 12:33:05,098 - INFO - werkzeug -  * Detected change in '/Users/alaindestinkarasira/DiagnosisApi/app/routes.py', reloading
2025-06-14 12:33:05,440 - INFO - werkzeug -  * Restarting with stat
2025-06-14 12:33:17,460 - INFO - root - Logging configuration completed
2025-06-14 12:33:17,537 - INFO - app.detection.model - Successfully loaded YOLO model from app/models/malaria_yolov10.pt
2025-06-14 12:33:17,538 - INFO - app - Flask application initialized successfully
2025-06-14 12:33:17,611 - WARNING - werkzeug -  * Debugger is active!
2025-06-14 12:33:17,634 - INFO - werkzeug -  * Debugger PIN: 527-662-266
2025-06-14 12:33:20,684 - INFO - werkzeug -  * Detected change in '/Users/alaindestinkarasira/DiagnosisApi/app/routes.py', reloading
2025-06-14 12:33:20,997 - INFO - werkzeug -  * Restarting with stat
2025-06-14 12:33:23,249 - INFO - root - Logging configuration completed
2025-06-14 12:33:23,309 - INFO - app.detection.model - Successfully loaded YOLO model from app/models/malaria_yolov10.pt
2025-06-14 12:33:23,309 - INFO - app - Flask application initialized successfully
2025-06-14 12:33:23,319 - WARNING - werkzeug -  * Debugger is active!
2025-06-14 12:33:23,336 - INFO - werkzeug -  * Debugger PIN: 527-662-266
2025-06-14 12:33:26,377 - INFO - werkzeug -  * Detected change in '/Users/alaindestinkarasira/DiagnosisApi/app/routes.py', reloading
2025-06-14 12:33:26,699 - INFO - werkzeug -  * Restarting with stat
2025-06-14 12:33:28,753 - INFO - root - Logging configuration completed
2025-06-14 12:33:28,820 - INFO - app.detection.model - Successfully loaded YOLO model from app/models/malaria_yolov10.pt
2025-06-14 12:33:28,821 - INFO - app - Flask application initialized successfully
2025-06-14 12:33:28,834 - WARNING - werkzeug -  * Debugger is active!
2025-06-14 12:33:28,852 - INFO - werkzeug -  * Debugger PIN: 527-662-266
2025-06-14 12:33:32,901 - INFO - werkzeug -  * Detected change in '/Users/alaindestinkarasira/DiagnosisApi/app/routes.py', reloading
2025-06-14 12:33:33,192 - INFO - werkzeug -  * Restarting with stat
2025-06-14 12:33:55,163 - INFO - root - Logging configuration completed
2025-06-14 12:33:55,230 - INFO - app.detection.model - Successfully loaded YOLO model from app/models/malaria_yolov10.pt
2025-06-14 12:33:55,230 - INFO - app - Flask application initialized successfully
2025-06-14 12:34:00,256 - INFO - werkzeug - [31m[1mWARNING: This is a development server. Do not use it in a production deployment. Use a production WSGI server instead.[0m
 * Running on all addresses (0.0.0.0)
 * Running on http://127.0.0.1:5000
 * Running on http://192.168.1.69:5000
2025-06-14 12:34:00,256 - INFO - werkzeug - [33mPress CTRL+C to quit[0m
2025-06-14 12:34:00,257 - INFO - werkzeug -  * Restarting with stat
2025-06-14 12:34:02,734 - INFO - root - Logging configuration completed
2025-06-14 12:34:02,798 - INFO - app.detection.model - Successfully loaded YOLO model from app/models/malaria_yolov10.pt
2025-06-14 12:34:02,799 - INFO - app - Flask application initialized successfully
2025-06-14 12:34:02,811 - WARNING - werkzeug -  * Debugger is active!
2025-06-14 12:34:02,829 - INFO - werkzeug -  * Debugger PIN: 527-662-266
2025-06-14 12:34:14,978 - INFO - werkzeug -  * Detected change in '/Users/alaindestinkarasira/DiagnosisApi/run.py', reloading
2025-06-14 12:34:15,352 - INFO - werkzeug -  * Restarting with stat
2025-06-14 12:34:17,585 - INFO - root - Logging configuration completed
2025-06-14 12:34:17,654 - INFO - app.detection.model - Successfully loaded YOLO model from app/models/malaria_yolov10.pt
2025-06-14 12:34:17,655 - INFO - app - Flask application initialized successfully
2025-06-14 12:34:17,666 - WARNING - werkzeug -  * Debugger is active!
2025-06-14 12:34:17,682 - INFO - werkzeug -  * Debugger PIN: 527-662-266
2025-06-14 12:34:29,856 - INFO - root - Logging configuration completed
2025-06-14 12:34:29,923 - INFO - app.detection.model - Successfully loaded YOLO model from app/models/malaria_yolov10.pt
2025-06-14 12:34:29,923 - INFO - app - Flask application initialized successfully
2025-06-14 12:34:29,938 - INFO - werkzeug - [31m[1mWARNING: This is a development server. Do not use it in a production deployment. Use a production WSGI server instead.[0m
 * Running on http://127.0.0.1:5000
2025-06-14 12:34:29,938 - INFO - werkzeug - [33mPress CTRL+C to quit[0m
2025-06-14 12:34:29,939 - INFO - werkzeug -  * Restarting with stat
2025-06-14 12:34:31,739 - INFO - root - Logging configuration completed
2025-06-14 12:34:31,795 - INFO - app.detection.model - Successfully loaded YOLO model from app/models/malaria_yolov10.pt
2025-06-14 12:34:31,796 - INFO - app - Flask application initialized successfully
2025-06-14 12:34:31,805 - WARNING - werkzeug -  * Debugger is active!
2025-06-14 12:34:31,821 - INFO - werkzeug -  * Debugger PIN: 527-662-266
2025-06-14 12:34:39,366 - INFO - werkzeug - 127.0.0.1 - - [14/Jun/2025 12:34:39] "GET / HTTP/1.1" 200 -
2025-06-14 13:06:56,434 - INFO - werkzeug - 127.0.0.1 - - [14/Jun/2025 13:06:56] "GET / HTTP/1.1" 200 -
2025-06-14 13:06:57,184 - INFO - werkzeug - 127.0.0.1 - - [14/Jun/2025 13:06:57] "[33mGET /favicon.ico HTTP/1.1[0m" 404 -
2025-06-14 13:07:11,178 - INFO - werkzeug - 127.0.0.1 - - [14/Jun/2025 13:07:11] "GET / HTTP/1.1" 200 -
2025-06-14 13:07:37,559 - INFO - app.routes - Received diagnosis request with 10 image paths
2025-06-14 13:07:37,560 - INFO - app.detection.analysis - Starting analysis for 10 images
2025-06-14 13:07:37,560 - INFO - app.detection.analysis - Processing image 1/10: /Users/alaindestinkarasira/Downloads/PM/pm_1.jpg
2025-06-14 13:07:37,561 - ERROR - app.detection.model - Error processing image /Users/alaindestinkarasira/Downloads/PM/pm_1.jpg: Image not found at /Users/alaindestinkarasira/Downloads/PM/pm_1.jpg
2025-06-14 13:07:37,561 - WARNING - app.detection.analysis - Skipping image /Users/alaindestinkarasira/Downloads/PM/pm_1.jpg due to error: Error processing image: Image not found at /Users/alaindestinkarasira/Downloads/PM/pm_1.jpg
2025-06-14 13:07:37,561 - INFO - app.detection.analysis - Processing image 2/10: /Users/alaindestinkarasira/Downloads/PM/pm_1.jpg
2025-06-14 13:07:37,561 - ERROR - app.detection.model - Error processing image /Users/alaindestinkarasira/Downloads/PM/pm_1.jpg: Image not found at /Users/alaindestinkarasira/Downloads/PM/pm_1.jpg
2025-06-14 13:07:37,561 - WARNING - app.detection.analysis - Skipping image /Users/alaindestinkarasira/Downloads/PM/pm_1.jpg due to error: Error processing image: Image not found at /Users/alaindestinkarasira/Downloads/PM/pm_1.jpg
2025-06-14 13:07:37,561 - INFO - app.detection.analysis - Processing image 3/10: /Users/alaindestinkarasira/Downloads/PM/pm_1.jpg
2025-06-14 13:07:37,561 - ERROR - app.detection.model - Error processing image /Users/alaindestinkarasira/Downloads/PM/pm_1.jpg: Image not found at /Users/alaindestinkarasira/Downloads/PM/pm_1.jpg
2025-06-14 13:07:37,561 - WARNING - app.detection.analysis - Skipping image /Users/alaindestinkarasira/Downloads/PM/pm_1.jpg due to error: Error processing image: Image not found at /Users/alaindestinkarasira/Downloads/PM/pm_1.jpg
2025-06-14 13:07:37,561 - INFO - app.detection.analysis - Processing image 4/10: /Users/alaindestinkarasira/Downloads/PM/pm_1.jpg
2025-06-14 13:07:37,561 - ERROR - app.detection.model - Error processing image /Users/alaindestinkarasira/Downloads/PM/pm_1.jpg: Image not found at /Users/alaindestinkarasira/Downloads/PM/pm_1.jpg
2025-06-14 13:07:37,561 - WARNING - app.detection.analysis - Skipping image /Users/alaindestinkarasira/Downloads/PM/pm_1.jpg due to error: Error processing image: Image not found at /Users/alaindestinkarasira/Downloads/PM/pm_1.jpg
2025-06-14 13:07:37,561 - INFO - app.detection.analysis - Processing image 5/10: /Users/alaindestinkarasira/Downloads/PM/pm_1.jpg
2025-06-14 13:07:37,561 - ERROR - app.detection.model - Error processing image /Users/alaindestinkarasira/Downloads/PM/pm_1.jpg: Image not found at /Users/alaindestinkarasira/Downloads/PM/pm_1.jpg
2025-06-14 13:07:37,561 - WARNING - app.detection.analysis - Skipping image /Users/alaindestinkarasira/Downloads/PM/pm_1.jpg due to error: Error processing image: Image not found at /Users/alaindestinkarasira/Downloads/PM/pm_1.jpg
2025-06-14 13:07:37,561 - INFO - app.detection.analysis - Processing image 6/10: /Users/alaindestinkarasira/Downloads/PM/pm_1.jpg
2025-06-14 13:07:37,561 - ERROR - app.detection.model - Error processing image /Users/alaindestinkarasira/Downloads/PM/pm_1.jpg: Image not found at /Users/alaindestinkarasira/Downloads/PM/pm_1.jpg
2025-06-14 13:07:37,561 - WARNING - app.detection.analysis - Skipping image /Users/alaindestinkarasira/Downloads/PM/pm_1.jpg due to error: Error processing image: Image not found at /Users/alaindestinkarasira/Downloads/PM/pm_1.jpg
2025-06-14 13:07:37,561 - INFO - app.detection.analysis - Processing image 7/10: /Users/alaindestinkarasira/Downloads/PM/pm_1.jpg
2025-06-14 13:07:37,561 - ERROR - app.detection.model - Error processing image /Users/alaindestinkarasira/Downloads/PM/pm_1.jpg: Image not found at /Users/alaindestinkarasira/Downloads/PM/pm_1.jpg
2025-06-14 13:07:37,561 - WARNING - app.detection.analysis - Skipping image /Users/alaindestinkarasira/Downloads/PM/pm_1.jpg due to error: Error processing image: Image not found at /Users/alaindestinkarasira/Downloads/PM/pm_1.jpg
2025-06-14 13:07:37,561 - INFO - app.detection.analysis - Processing image 8/10: /Users/alaindestinkarasira/Downloads/PM/pm_1.jpg
2025-06-14 13:07:37,561 - ERROR - app.detection.model - Error processing image /Users/alaindestinkarasira/Downloads/PM/pm_1.jpg: Image not found at /Users/alaindestinkarasira/Downloads/PM/pm_1.jpg
2025-06-14 13:07:37,561 - WARNING - app.detection.analysis - Skipping image /Users/alaindestinkarasira/Downloads/PM/pm_1.jpg due to error: Error processing image: Image not found at /Users/alaindestinkarasira/Downloads/PM/pm_1.jpg
2025-06-14 13:07:37,561 - INFO - app.detection.analysis - Processing image 9/10: /Users/alaindestinkarasira/Downloads/PM/pm_1.jpg
2025-06-14 13:07:37,561 - ERROR - app.detection.model - Error processing image /Users/alaindestinkarasira/Downloads/PM/pm_1.jpg: Image not found at /Users/alaindestinkarasira/Downloads/PM/pm_1.jpg
2025-06-14 13:07:37,561 - WARNING - app.detection.analysis - Skipping image /Users/alaindestinkarasira/Downloads/PM/pm_1.jpg due to error: Error processing image: Image not found at /Users/alaindestinkarasira/Downloads/PM/pm_1.jpg
2025-06-14 13:07:37,561 - INFO - app.detection.analysis - Processing image 10/10: /Users/alaindestinkarasira/Downloads/PM/pm_1.jpg
2025-06-14 13:07:37,561 - ERROR - app.detection.model - Error processing image /Users/alaindestinkarasira/Downloads/PM/pm_1.jpg: Image not found at /Users/alaindestinkarasira/Downloads/PM/pm_1.jpg
2025-06-14 13:07:37,561 - WARNING - app.detection.analysis - Skipping image /Users/alaindestinkarasira/Downloads/PM/pm_1.jpg due to error: Error processing image: Image not found at /Users/alaindestinkarasira/Downloads/PM/pm_1.jpg
2025-06-14 13:07:37,562 - INFO - app.detection.analysis - Analysis completed: Status=NEGATIVE, Total Parasites=0, Total WBCs=0, Ratio=0.0
2025-06-14 13:07:37,562 - INFO - app.detection.analysis - Analysis summary: 0/10 images successfully processed
2025-06-14 13:07:37,562 - INFO - app.routes - Diagnosis completed successfully: Status=NEGATIVE, Images processed=0
2025-06-14 13:07:37,563 - INFO - werkzeug - 127.0.0.1 - - [14/Jun/2025 13:07:37] "POST /diagnose HTTP/1.1" 200 -
2025-06-14 13:10:01,438 - INFO - app.routes - Received diagnosis request with 10 image paths
2025-06-14 13:10:01,439 - INFO - app.detection.analysis - Starting analysis for 10 images
2025-06-14 13:10:01,439 - INFO - app.detection.analysis - Processing image 1/10: /Users/alaindestinkarasira/Downloads/PM/pm_1.jpg
2025-06-14 13:10:01,439 - ERROR - app.detection.model - Error processing image /Users/alaindestinkarasira/Downloads/PM/pm_1.jpg: Image not found at /Users/alaindestinkarasira/Downloads/PM/pm_1.jpg
2025-06-14 13:10:01,448 - WARNING - app.detection.analysis - Skipping image /Users/alaindestinkarasira/Downloads/PM/pm_1.jpg due to error: Error processing image: Image not found at /Users/alaindestinkarasira/Downloads/PM/pm_1.jpg
2025-06-14 13:10:01,448 - INFO - app.detection.analysis - Processing image 2/10: /Users/alaindestinkarasira/Downloads/PM/pm_2.jpg
2025-06-14 13:10:01,448 - ERROR - app.detection.model - Error processing image /Users/alaindestinkarasira/Downloads/PM/pm_2.jpg: Image not found at /Users/alaindestinkarasira/Downloads/PM/pm_2.jpg
2025-06-14 13:10:01,449 - WARNING - app.detection.analysis - Skipping image /Users/alaindestinkarasira/Downloads/PM/pm_2.jpg due to error: Error processing image: Image not found at /Users/alaindestinkarasira/Downloads/PM/pm_2.jpg
2025-06-14 13:10:01,449 - INFO - app.detection.analysis - Processing image 3/10: /Users/alaindestinkarasira/Downloads/PM/pm_3.jpg
2025-06-14 13:10:01,450 - ERROR - app.detection.model - Error processing image /Users/alaindestinkarasira/Downloads/PM/pm_3.jpg: Image not found at /Users/alaindestinkarasira/Downloads/PM/pm_3.jpg
2025-06-14 13:10:01,450 - WARNING - app.detection.analysis - Skipping image /Users/alaindestinkarasira/Downloads/PM/pm_3.jpg due to error: Error processing image: Image not found at /Users/alaindestinkarasira/Downloads/PM/pm_3.jpg
2025-06-14 13:10:01,450 - INFO - app.detection.analysis - Processing image 4/10: /Users/alaindestinkarasira/Downloads/PM/pm_4.jpg
2025-06-14 13:10:01,450 - ERROR - app.detection.model - Error processing image /Users/alaindestinkarasira/Downloads/PM/pm_4.jpg: Image not found at /Users/alaindestinkarasira/Downloads/PM/pm_4.jpg
2025-06-14 13:10:01,450 - WARNING - app.detection.analysis - Skipping image /Users/alaindestinkarasira/Downloads/PM/pm_4.jpg due to error: Error processing image: Image not found at /Users/alaindestinkarasira/Downloads/PM/pm_4.jpg
2025-06-14 13:10:01,450 - INFO - app.detection.analysis - Processing image 5/10: /Users/alaindestinkarasira/Downloads/PM/pm_5.jpg
2025-06-14 13:10:01,450 - ERROR - app.detection.model - Error processing image /Users/alaindestinkarasira/Downloads/PM/pm_5.jpg: Image not found at /Users/alaindestinkarasira/Downloads/PM/pm_5.jpg
2025-06-14 13:10:01,450 - WARNING - app.detection.analysis - Skipping image /Users/alaindestinkarasira/Downloads/PM/pm_5.jpg due to error: Error processing image: Image not found at /Users/alaindestinkarasira/Downloads/PM/pm_5.jpg
2025-06-14 13:10:01,450 - INFO - app.detection.analysis - Processing image 6/10: /Users/alaindestinkarasira/Downloads/PM/pm_6.jpg
2025-06-14 13:10:01,450 - ERROR - app.detection.model - Error processing image /Users/alaindestinkarasira/Downloads/PM/pm_6.jpg: Image not found at /Users/alaindestinkarasira/Downloads/PM/pm_6.jpg
2025-06-14 13:10:01,450 - WARNING - app.detection.analysis - Skipping image /Users/alaindestinkarasira/Downloads/PM/pm_6.jpg due to error: Error processing image: Image not found at /Users/alaindestinkarasira/Downloads/PM/pm_6.jpg
2025-06-14 13:10:01,450 - INFO - app.detection.analysis - Processing image 7/10: /Users/alaindestinkarasira/Downloads/PM/pm_7.jpg
2025-06-14 13:10:01,450 - ERROR - app.detection.model - Error processing image /Users/alaindestinkarasira/Downloads/PM/pm_7.jpg: Image not found at /Users/alaindestinkarasira/Downloads/PM/pm_7.jpg
2025-06-14 13:10:01,451 - WARNING - app.detection.analysis - Skipping image /Users/alaindestinkarasira/Downloads/PM/pm_7.jpg due to error: Error processing image: Image not found at /Users/alaindestinkarasira/Downloads/PM/pm_7.jpg
2025-06-14 13:10:01,451 - INFO - app.detection.analysis - Processing image 8/10: /Users/alaindestinkarasira/Downloads/PM/pm_8.jpg
2025-06-14 13:10:01,451 - ERROR - app.detection.model - Error processing image /Users/alaindestinkarasira/Downloads/PM/pm_8.jpg: Image not found at /Users/alaindestinkarasira/Downloads/PM/pm_8.jpg
2025-06-14 13:10:01,451 - WARNING - app.detection.analysis - Skipping image /Users/alaindestinkarasira/Downloads/PM/pm_8.jpg due to error: Error processing image: Image not found at /Users/alaindestinkarasira/Downloads/PM/pm_8.jpg
2025-06-14 13:10:01,451 - INFO - app.detection.analysis - Processing image 9/10: /Users/alaindestinkarasira/Downloads/PM/pm_9.jpg
2025-06-14 13:10:01,451 - ERROR - app.detection.model - Error processing image /Users/alaindestinkarasira/Downloads/PM/pm_9.jpg: Image not found at /Users/alaindestinkarasira/Downloads/PM/pm_9.jpg
2025-06-14 13:10:01,451 - WARNING - app.detection.analysis - Skipping image /Users/alaindestinkarasira/Downloads/PM/pm_9.jpg due to error: Error processing image: Image not found at /Users/alaindestinkarasira/Downloads/PM/pm_9.jpg
2025-06-14 13:10:01,451 - INFO - app.detection.analysis - Processing image 10/10: /Users/alaindestinkarasira/Downloads/PM/pm_10.jpg
2025-06-14 13:10:01,451 - ERROR - app.detection.model - Error processing image /Users/alaindestinkarasira/Downloads/PM/pm_10.jpg: Image not found at /Users/alaindestinkarasira/Downloads/PM/pm_10.jpg
2025-06-14 13:10:01,451 - WARNING - app.detection.analysis - Skipping image /Users/alaindestinkarasira/Downloads/PM/pm_10.jpg due to error: Error processing image: Image not found at /Users/alaindestinkarasira/Downloads/PM/pm_10.jpg
2025-06-14 13:10:01,451 - INFO - app.detection.analysis - Analysis completed: Status=NEGATIVE, Total Parasites=0, Total WBCs=0, Ratio=0.0
2025-06-14 13:10:01,451 - INFO - app.detection.analysis - Analysis summary: 0/10 images successfully processed
2025-06-14 13:10:01,451 - INFO - app.routes - Diagnosis completed successfully: Status=NEGATIVE, Images processed=0
2025-06-14 13:10:01,452 - INFO - werkzeug - 127.0.0.1 - - [14/Jun/2025 13:10:01] "POST /diagnose HTTP/1.1" 200 -
2025-06-14 13:11:49,875 - INFO - app.routes - Received diagnosis request with 10 image paths
2025-06-14 13:11:49,876 - INFO - app.detection.analysis - Starting analysis for 10 images
2025-06-14 13:11:49,876 - INFO - app.detection.analysis - Processing image 1/10: /Users/alaindestinkarasira/Downloads/PM/pm_260.jpg
2025-06-14 13:11:49,878 - INFO - app.detection.model - Starting detection for image: /Users/alaindestinkarasira/Downloads/PM/pm_260.jpg
2025-06-14 13:11:54,684 - INFO - app.detection.model - Detection completed for /Users/alaindestinkarasira/Downloads/PM/pm_260.jpg: 2 parasites, 3 WBCs, ratio: 0.6666666666666666
2025-06-14 13:11:54,684 - INFO - app.detection.analysis - Processing image 2/10: /Users/alaindestinkarasira/Downloads/PM/pm_261.jpg
2025-06-14 13:11:54,684 - INFO - app.detection.model - Starting detection for image: /Users/alaindestinkarasira/Downloads/PM/pm_261.jpg
2025-06-14 13:11:54,817 - INFO - app.detection.model - Detection completed for /Users/alaindestinkarasira/Downloads/PM/pm_261.jpg: 1 parasites, 1 WBCs, ratio: 1.0
2025-06-14 13:11:54,817 - INFO - app.detection.analysis - Processing image 3/10: /Users/alaindestinkarasira/Downloads/PM/pm_262.jpg
2025-06-14 13:11:54,817 - INFO - app.detection.model - Starting detection for image: /Users/alaindestinkarasira/Downloads/PM/pm_262.jpg
2025-06-14 13:11:54,940 - INFO - app.detection.model - Detection completed for /Users/alaindestinkarasira/Downloads/PM/pm_262.jpg: 1 parasites, 1 WBCs, ratio: 1.0
2025-06-14 13:11:54,940 - INFO - app.detection.analysis - Processing image 4/10: /Users/alaindestinkarasira/Downloads/PM/pm_263.jpg
2025-06-14 13:11:54,941 - INFO - app.detection.model - Starting detection for image: /Users/alaindestinkarasira/Downloads/PM/pm_263.jpg
2025-06-14 13:11:55,078 - INFO - app.detection.model - Detection completed for /Users/alaindestinkarasira/Downloads/PM/pm_263.jpg: 1 parasites, 1 WBCs, ratio: 1.0
2025-06-14 13:11:55,078 - INFO - app.detection.analysis - Processing image 5/10: /Users/alaindestinkarasira/Downloads/PM/pm_264.jpg
2025-06-14 13:11:55,078 - INFO - app.detection.model - Starting detection for image: /Users/alaindestinkarasira/Downloads/PM/pm_264.jpg
2025-06-14 13:11:55,216 - INFO - app.detection.model - Detection completed for /Users/alaindestinkarasira/Downloads/PM/pm_264.jpg: 4 parasites, 0 WBCs, ratio: 0.0
2025-06-14 13:11:55,216 - INFO - app.detection.analysis - Processing image 6/10: /Users/alaindestinkarasira/Downloads/PM/pm_265.jpg
2025-06-14 13:11:55,217 - INFO - app.detection.model - Starting detection for image: /Users/alaindestinkarasira/Downloads/PM/pm_265.jpg
2025-06-14 13:11:55,339 - INFO - app.detection.model - Detection completed for /Users/alaindestinkarasira/Downloads/PM/pm_265.jpg: 0 parasites, 0 WBCs, ratio: 0.0
2025-06-14 13:11:55,339 - INFO - app.detection.analysis - Processing image 7/10: /Users/alaindestinkarasira/Downloads/PM/pm_266.jpg
2025-06-14 13:11:55,339 - INFO - app.detection.model - Starting detection for image: /Users/alaindestinkarasira/Downloads/PM/pm_266.jpg
2025-06-14 13:11:55,491 - INFO - app.detection.model - Detection completed for /Users/alaindestinkarasira/Downloads/PM/pm_266.jpg: 2 parasites, 0 WBCs, ratio: 0.0
2025-06-14 13:11:55,491 - INFO - app.detection.analysis - Processing image 8/10: /Users/alaindestinkarasira/Downloads/PM/pm_267.jpg
2025-06-14 13:11:55,491 - INFO - app.detection.model - Starting detection for image: /Users/alaindestinkarasira/Downloads/PM/pm_267.jpg
2025-06-14 13:11:55,647 - INFO - app.detection.model - Detection completed for /Users/alaindestinkarasira/Downloads/PM/pm_267.jpg: 0 parasites, 0 WBCs, ratio: 0.0
2025-06-14 13:11:55,647 - INFO - app.detection.analysis - Processing image 9/10: /Users/alaindestinkarasira/Downloads/PM/pm_268.jpg
2025-06-14 13:11:55,647 - INFO - app.detection.model - Starting detection for image: /Users/alaindestinkarasira/Downloads/PM/pm_268.jpg
2025-06-14 13:11:55,787 - INFO - app.detection.model - Detection completed for /Users/alaindestinkarasira/Downloads/PM/pm_268.jpg: 1 parasites, 0 WBCs, ratio: 0.0
2025-06-14 13:11:55,787 - INFO - app.detection.analysis - Processing image 10/10: /Users/alaindestinkarasira/Downloads/PM/pm_269.jpg
2025-06-14 13:11:55,787 - INFO - app.detection.model - Starting detection for image: /Users/alaindestinkarasira/Downloads/PM/pm_269.jpg
2025-06-14 13:11:55,961 - INFO - app.detection.model - Detection completed for /Users/alaindestinkarasira/Downloads/PM/pm_269.jpg: 0 parasites, 0 WBCs, ratio: 0.0
2025-06-14 13:11:55,961 - INFO - app.detection.analysis - Analysis completed: Status=POSITIVE, Total Parasites=12, Total WBCs=6, Ratio=2.0
2025-06-14 13:11:55,961 - INFO - app.detection.analysis - Analysis summary: 10/10 images successfully processed
2025-06-14 13:11:55,961 - INFO - app.routes - Diagnosis completed successfully: Status=POSITIVE, Images processed=10
2025-06-14 13:11:55,961 - INFO - werkzeug - 127.0.0.1 - - [14/Jun/2025 13:11:55] "POST /diagnose HTTP/1.1" 200 -
2025-06-15 10:23:12,543 - INFO - root - Logging configuration completed
2025-06-15 10:23:12,661 - INFO - app.detection.model - Successfully loaded YOLO model from app/models/malaria_yolov10.pt
2025-06-15 10:23:12,662 - INFO - app - Flask application initialized successfully
2025-06-15 10:23:12,766 - INFO - werkzeug - [31m[1mWARNING: This is a development server. Do not use it in a production deployment. Use a production WSGI server instead.[0m
 * Running on http://127.0.0.1:5000
2025-06-15 10:23:12,766 - INFO - werkzeug - [33mPress CTRL+C to quit[0m
2025-06-15 10:23:12,770 - INFO - werkzeug -  * Restarting with stat
2025-06-15 10:23:15,215 - INFO - root - Logging configuration completed
2025-06-15 10:23:15,279 - INFO - app.detection.model - Successfully loaded YOLO model from app/models/malaria_yolov10.pt
2025-06-15 10:23:15,280 - INFO - app - Flask application initialized successfully
2025-06-15 10:23:15,292 - WARNING - werkzeug -  * Debugger is active!
2025-06-15 10:23:15,335 - INFO - werkzeug -  * Debugger PIN: 527-662-266
2025-06-15 10:23:19,177 - INFO - werkzeug - 127.0.0.1 - - [15/Jun/2025 10:23:19] "GET / HTTP/1.1" 200 -
2025-06-15 10:25:18,457 - INFO - werkzeug - 127.0.0.1 - - [15/Jun/2025 10:25:18] "[31m[1mPOST / HTTP/1.1[0m" 405 -
2025-06-15 10:25:31,307 - INFO - werkzeug - 127.0.0.1 - - [15/Jun/2025 10:25:31] "[33mPOST /dianose HTTP/1.1[0m" 404 -
2025-06-15 10:25:39,915 - INFO - app.routes - Received diagnosis request with 10 image paths
2025-06-15 10:25:39,916 - INFO - app.detection.analysis - Starting analysis for 10 images
2025-06-15 10:25:39,917 - INFO - app.detection.analysis - Processing image 1/10: /Users/alaindestinkarasira/Downloads/PM/pm_260.jpg
2025-06-15 10:25:39,918 - INFO - app.detection.model - Starting detection for image: /Users/alaindestinkarasira/Downloads/PM/pm_260.jpg
2025-06-15 10:25:45,115 - INFO - app.detection.model - Detection completed for /Users/alaindestinkarasira/Downloads/PM/pm_260.jpg: 2 parasites, 3 WBCs, ratio: 0.6666666666666666
2025-06-15 10:25:45,115 - INFO - app.detection.analysis - Processing image 2/10: /Users/alaindestinkarasira/Downloads/PM/pm_261.jpg
2025-06-15 10:25:45,116 - INFO - app.detection.model - Starting detection for image: /Users/alaindestinkarasira/Downloads/PM/pm_261.jpg
2025-06-15 10:25:45,244 - INFO - app.detection.model - Detection completed for /Users/alaindestinkarasira/Downloads/PM/pm_261.jpg: 1 parasites, 1 WBCs, ratio: 1.0
2025-06-15 10:25:45,244 - INFO - app.detection.analysis - Processing image 3/10: /Users/alaindestinkarasira/Downloads/PM/pm_262.jpg
2025-06-15 10:25:45,244 - INFO - app.detection.model - Starting detection for image: /Users/alaindestinkarasira/Downloads/PM/pm_262.jpg
2025-06-15 10:25:45,332 - INFO - app.detection.model - Detection completed for /Users/alaindestinkarasira/Downloads/PM/pm_262.jpg: 1 parasites, 1 WBCs, ratio: 1.0
2025-06-15 10:25:45,332 - INFO - app.detection.analysis - Processing image 4/10: /Users/alaindestinkarasira/Downloads/PM/pm_263.jpg
2025-06-15 10:25:45,332 - INFO - app.detection.model - Starting detection for image: /Users/alaindestinkarasira/Downloads/PM/pm_263.jpg
2025-06-15 10:25:45,419 - INFO - app.detection.model - Detection completed for /Users/alaindestinkarasira/Downloads/PM/pm_263.jpg: 1 parasites, 1 WBCs, ratio: 1.0
2025-06-15 10:25:45,419 - INFO - app.detection.analysis - Processing image 5/10: /Users/alaindestinkarasira/Downloads/PM/pm_264.jpg
2025-06-15 10:25:45,419 - INFO - app.detection.model - Starting detection for image: /Users/alaindestinkarasira/Downloads/PM/pm_264.jpg
2025-06-15 10:25:45,505 - INFO - app.detection.model - Detection completed for /Users/alaindestinkarasira/Downloads/PM/pm_264.jpg: 4 parasites, 0 WBCs, ratio: 0.0
2025-06-15 10:25:45,505 - INFO - app.detection.analysis - Processing image 6/10: /Users/alaindestinkarasira/Downloads/PM/pm_265.jpg
2025-06-15 10:25:45,506 - INFO - app.detection.model - Starting detection for image: /Users/alaindestinkarasira/Downloads/PM/pm_265.jpg
2025-06-15 10:25:45,588 - INFO - app.detection.model - Detection completed for /Users/alaindestinkarasira/Downloads/PM/pm_265.jpg: 0 parasites, 0 WBCs, ratio: 0.0
2025-06-15 10:25:45,588 - INFO - app.detection.analysis - Processing image 7/10: /Users/alaindestinkarasira/Downloads/PM/pm_266.jpg
2025-06-15 10:25:45,588 - INFO - app.detection.model - Starting detection for image: /Users/alaindestinkarasira/Downloads/PM/pm_266.jpg
2025-06-15 10:25:45,698 - INFO - app.detection.model - Detection completed for /Users/alaindestinkarasira/Downloads/PM/pm_266.jpg: 2 parasites, 0 WBCs, ratio: 0.0
2025-06-15 10:25:45,698 - INFO - app.detection.analysis - Processing image 8/10: /Users/alaindestinkarasira/Downloads/PM/pm_267.jpg
2025-06-15 10:25:45,698 - INFO - app.detection.model - Starting detection for image: /Users/alaindestinkarasira/Downloads/PM/pm_267.jpg
2025-06-15 10:25:45,782 - INFO - app.detection.model - Detection completed for /Users/alaindestinkarasira/Downloads/PM/pm_267.jpg: 0 parasites, 0 WBCs, ratio: 0.0
2025-06-15 10:25:45,782 - INFO - app.detection.analysis - Processing image 9/10: /Users/alaindestinkarasira/Downloads/PM/pm_268.jpg
2025-06-15 10:25:45,783 - INFO - app.detection.model - Starting detection for image: /Users/alaindestinkarasira/Downloads/PM/pm_268.jpg
2025-06-15 10:25:45,873 - INFO - app.detection.model - Detection completed for /Users/alaindestinkarasira/Downloads/PM/pm_268.jpg: 1 parasites, 0 WBCs, ratio: 0.0
2025-06-15 10:25:45,873 - INFO - app.detection.analysis - Processing image 10/10: /Users/alaindestinkarasira/Downloads/PM/pm_269.jpg
2025-06-15 10:25:45,874 - INFO - app.detection.model - Starting detection for image: /Users/alaindestinkarasira/Downloads/PM/pm_269.jpg
2025-06-15 10:25:45,957 - INFO - app.detection.model - Detection completed for /Users/alaindestinkarasira/Downloads/PM/pm_269.jpg: 0 parasites, 0 WBCs, ratio: 0.0
2025-06-15 10:25:45,957 - INFO - app.detection.analysis - Analysis completed: Status=POSITIVE, Total Parasites=12, Total WBCs=6, Ratio=2.0
2025-06-15 10:25:45,957 - INFO - app.detection.analysis - Analysis summary: 10/10 images successfully processed
2025-06-15 10:25:45,957 - INFO - app.routes - Diagnosis completed successfully: Status=POSITIVE, Images processed=10
2025-06-15 10:25:45,957 - INFO - werkzeug - 127.0.0.1 - - [15/Jun/2025 10:25:45] "POST /diagnose HTTP/1.1" 200 -
2025-06-15 13:03:40,443 - INFO - root - Logging configuration completed
2025-06-15 13:03:40,793 - INFO - app.detection.model - Successfully loaded YOLO model from app/models/malaria_yolov10.pt
2025-06-15 13:03:40,795 - INFO - app - Flask application initialized successfully
2025-06-15 13:03:40,799 - INFO - werkzeug - [31m[1mWARNING: This is a development server. Do not use it in a production deployment. Use a production WSGI server instead.[0m
 * Running on all addresses (0.0.0.0)
 * Running on http://127.0.0.1:5000
 * Running on http://172.24.0.5:5000
2025-06-15 13:03:40,800 - INFO - werkzeug - [33mPress CTRL+C to quit[0m
2025-06-15 13:11:27,862 - INFO - root - Logging configuration completed
2025-06-15 13:11:27,999 - INFO - app.detection.model - Successfully loaded YOLO model from app/models/malaria_yolov10.pt
2025-06-15 13:11:28,000 - INFO - app - Flask application initialized successfully
2025-06-15 13:11:28,002 - INFO - werkzeug - [31m[1mWARNING: This is a development server. Do not use it in a production deployment. Use a production WSGI server instead.[0m
 * Running on all addresses (0.0.0.0)
 * Running on http://127.0.0.1:5000
 * Running on http://172.24.0.5:5000
2025-06-15 13:11:28,003 - INFO - werkzeug - [33mPress CTRL+C to quit[0m
2025-06-15 13:11:54,559 - INFO - root - Logging configuration completed
2025-06-15 13:11:54,676 - INFO - app.detection.model - Successfully loaded YOLO model from app/models/malaria_yolov10.pt
2025-06-15 13:11:54,677 - INFO - app - Flask application initialized successfully
2025-06-15 13:11:54,680 - INFO - werkzeug - [31m[1mWARNING: This is a development server. Do not use it in a production deployment. Use a production WSGI server instead.[0m
 * Running on all addresses (0.0.0.0)
 * Running on http://127.0.0.1:5000
 * Running on http://172.24.0.5:5000
2025-06-15 13:11:54,680 - INFO - werkzeug - [33mPress CTRL+C to quit[0m
2025-06-15 13:12:12,317 - INFO - root - Logging configuration completed
2025-06-15 13:12:12,429 - INFO - app.detection.model - Successfully loaded YOLO model from app/models/malaria_yolov10.pt
2025-06-15 13:12:12,430 - INFO - app - Flask application initialized successfully
2025-06-15 13:12:12,432 - INFO - werkzeug - [31m[1mWARNING: This is a development server. Do not use it in a production deployment. Use a production WSGI server instead.[0m
 * Running on all addresses (0.0.0.0)
 * Running on http://127.0.0.1:5000
 * Running on http://172.24.0.5:5000
2025-06-15 13:12:12,432 - INFO - werkzeug - [33mPress CTRL+C to quit[0m
2025-06-15 13:12:15,991 - INFO - werkzeug - 192.168.65.1 - - [15/Jun/2025 13:12:15] "GET / HTTP/1.1" 200 -
2025-06-15 13:12:24,602 - INFO - app.routes - Received diagnosis request with 10 image paths
2025-06-15 13:12:24,604 - INFO - app.detection.analysis - Starting analysis for 10 images
2025-06-15 13:12:24,604 - INFO - app.detection.analysis - Processing image 1/10: /app/uploads/pm_260.jpg
2025-06-15 13:12:24,606 - INFO - app.detection.model - Starting detection for image: /app/uploads/pm_260.jpg
2025-06-15 13:12:26,333 - INFO - app.detection.model - Detection completed for /app/uploads/pm_260.jpg: 2 parasites, 3 WBCs, ratio: 0.6666666666666666
2025-06-15 13:12:26,334 - INFO - app.detection.analysis - Processing image 2/10: /app/uploads/pm_261.jpg
2025-06-15 13:12:26,336 - INFO - app.detection.model - Starting detection for image: /app/uploads/pm_261.jpg
2025-06-15 13:12:26,650 - INFO - app.detection.model - Detection completed for /app/uploads/pm_261.jpg: 1 parasites, 1 WBCs, ratio: 1.0
2025-06-15 13:12:26,651 - INFO - app.detection.analysis - Processing image 3/10: /app/uploads/pm_262.jpg
2025-06-15 13:12:26,652 - INFO - app.detection.model - Starting detection for image: /app/uploads/pm_262.jpg
2025-06-15 13:12:26,958 - INFO - app.detection.model - Detection completed for /app/uploads/pm_262.jpg: 1 parasites, 1 WBCs, ratio: 1.0
2025-06-15 13:12:26,958 - INFO - app.detection.analysis - Processing image 4/10: /app/uploads/pm_263.jpg
2025-06-15 13:12:26,959 - INFO - app.detection.model - Starting detection for image: /app/uploads/pm_263.jpg
2025-06-15 13:12:27,266 - INFO - app.detection.model - Detection completed for /app/uploads/pm_263.jpg: 1 parasites, 1 WBCs, ratio: 1.0
2025-06-15 13:12:27,266 - INFO - app.detection.analysis - Processing image 5/10: /app/uploads/pm_264.jpg
2025-06-15 13:12:27,267 - INFO - app.detection.model - Starting detection for image: /app/uploads/pm_264.jpg
2025-06-15 13:12:27,622 - INFO - app.detection.model - Detection completed for /app/uploads/pm_264.jpg: 4 parasites, 0 WBCs, ratio: 0.0
2025-06-15 13:12:27,623 - INFO - app.detection.analysis - Processing image 6/10: /app/uploads/pm_265.jpg
2025-06-15 13:12:27,624 - INFO - app.detection.model - Starting detection for image: /app/uploads/pm_265.jpg
2025-06-15 13:12:27,973 - INFO - app.detection.model - Detection completed for /app/uploads/pm_265.jpg: 0 parasites, 0 WBCs, ratio: 0.0
2025-06-15 13:12:27,973 - INFO - app.detection.analysis - Processing image 7/10: /app/uploads/pm_266.jpg
2025-06-15 13:12:27,974 - INFO - app.detection.model - Starting detection for image: /app/uploads/pm_266.jpg
2025-06-15 13:12:28,270 - INFO - app.detection.model - Detection completed for /app/uploads/pm_266.jpg: 2 parasites, 0 WBCs, ratio: 0.0
2025-06-15 13:12:28,270 - INFO - app.detection.analysis - Processing image 8/10: /app/uploads/pm_267.jpg
2025-06-15 13:12:28,271 - INFO - app.detection.model - Starting detection for image: /app/uploads/pm_267.jpg
2025-06-15 13:12:28,574 - INFO - app.detection.model - Detection completed for /app/uploads/pm_267.jpg: 0 parasites, 0 WBCs, ratio: 0.0
2025-06-15 13:12:28,575 - INFO - app.detection.analysis - Processing image 9/10: /app/uploads/pm_268.jpg
2025-06-15 13:12:28,576 - INFO - app.detection.model - Starting detection for image: /app/uploads/pm_268.jpg
2025-06-15 13:12:28,909 - INFO - app.detection.model - Detection completed for /app/uploads/pm_268.jpg: 1 parasites, 0 WBCs, ratio: 0.0
2025-06-15 13:12:28,910 - INFO - app.detection.analysis - Processing image 10/10: /app/uploads/pm_269.jpg
2025-06-15 13:12:28,910 - INFO - app.detection.model - Starting detection for image: /app/uploads/pm_269.jpg
2025-06-15 13:12:29,206 - INFO - app.detection.model - Detection completed for /app/uploads/pm_269.jpg: 0 parasites, 0 WBCs, ratio: 0.0
2025-06-15 13:12:29,206 - INFO - app.detection.analysis - Analysis completed: Status=POSITIVE, Total Parasites=12, Total WBCs=6, Ratio=2.0
2025-06-15 13:12:29,206 - INFO - app.detection.analysis - Analysis summary: 10/10 images successfully processed
2025-06-15 13:12:29,206 - INFO - app.routes - Diagnosis completed successfully: Status=POSITIVE, Images processed=10
2025-06-15 13:12:29,207 - INFO - werkzeug - 192.168.65.1 - - [15/Jun/2025 13:12:29] "POST /diagnose HTTP/1.1" 200 -
2025-07-10 07:45:43,543 - INFO - root - Logging configuration completed
2025-07-10 07:45:43,905 - INFO - app.detection.model - Successfully loaded YOLO model from app/models/malaria_yolov10.pt
2025-07-10 07:45:43,907 - INFO - app - Flask application initialized successfully
2025-07-10 07:45:43,911 - INFO - werkzeug - [31m[1mWARNING: This is a development server. Do not use it in a production deployment. Use a production WSGI server instead.[0m
 * Running on all addresses (0.0.0.0)
 * Running on http://127.0.0.1:5000
 * Running on http://172.24.0.5:5000
2025-07-10 07:45:43,911 - INFO - werkzeug - [33mPress CTRL+C to quit[0m
2025-07-10 07:46:11,247 - INFO - app.routes - Received diagnosis request with 10 image paths
2025-07-10 07:46:11,249 - INFO - app.detection.analysis - Starting analysis for 10 images
2025-07-10 07:46:11,249 - INFO - app.detection.analysis - Processing image 1/10: /app/uploads/pm_260.jpg
2025-07-10 07:46:11,264 - INFO - app.detection.model - Starting detection for image: /app/uploads/pm_260.jpg
2025-07-10 07:46:13,009 - INFO - app.detection.model - Detection completed for /app/uploads/pm_260.jpg: 2 parasites, 3 WBCs, ratio: 0.6666666666666666
2025-07-10 07:46:13,009 - INFO - app.detection.analysis - Processing image 2/10: /app/uploads/pm_261.jpg
2025-07-10 07:46:13,024 - INFO - app.detection.model - Starting detection for image: /app/uploads/pm_261.jpg
2025-07-10 07:46:13,281 - INFO - app.detection.model - Detection completed for /app/uploads/pm_261.jpg: 1 parasites, 1 WBCs, ratio: 1.0
2025-07-10 07:46:13,281 - INFO - app.detection.analysis - Processing image 3/10: /app/uploads/pm_262.jpg
2025-07-10 07:46:13,289 - INFO - app.detection.model - Starting detection for image: /app/uploads/pm_262.jpg
2025-07-10 07:46:13,587 - INFO - app.detection.model - Detection completed for /app/uploads/pm_262.jpg: 1 parasites, 1 WBCs, ratio: 1.0
2025-07-10 07:46:13,587 - INFO - app.detection.analysis - Processing image 4/10: /app/uploads/pm_263.jpg
2025-07-10 07:46:13,597 - INFO - app.detection.model - Starting detection for image: /app/uploads/pm_263.jpg
2025-07-10 07:46:13,837 - INFO - app.detection.model - Detection completed for /app/uploads/pm_263.jpg: 1 parasites, 1 WBCs, ratio: 1.0
2025-07-10 07:46:13,837 - INFO - app.detection.analysis - Processing image 5/10: /app/uploads/pm_264.jpg
2025-07-10 07:46:13,847 - INFO - app.detection.model - Starting detection for image: /app/uploads/pm_264.jpg
2025-07-10 07:46:14,102 - INFO - app.detection.model - Detection completed for /app/uploads/pm_264.jpg: 4 parasites, 0 WBCs, ratio: 0.0
2025-07-10 07:46:14,103 - INFO - app.detection.analysis - Processing image 6/10: /app/uploads/pm_265.jpg
2025-07-10 07:46:14,111 - INFO - app.detection.model - Starting detection for image: /app/uploads/pm_265.jpg
2025-07-10 07:46:14,404 - INFO - app.detection.model - Detection completed for /app/uploads/pm_265.jpg: 0 parasites, 0 WBCs, ratio: 0.0
2025-07-10 07:46:14,404 - INFO - app.detection.analysis - Processing image 7/10: /app/uploads/pm_266.jpg
2025-07-10 07:46:14,418 - INFO - app.detection.model - Starting detection for image: /app/uploads/pm_266.jpg
2025-07-10 07:46:14,734 - INFO - app.detection.model - Detection completed for /app/uploads/pm_266.jpg: 2 parasites, 0 WBCs, ratio: 0.0
2025-07-10 07:46:14,734 - INFO - app.detection.analysis - Processing image 8/10: /app/uploads/pm_267.jpg
2025-07-10 07:46:14,740 - INFO - app.detection.model - Starting detection for image: /app/uploads/pm_267.jpg
2025-07-10 07:46:15,057 - INFO - app.detection.model - Detection completed for /app/uploads/pm_267.jpg: 0 parasites, 0 WBCs, ratio: 0.0
2025-07-10 07:46:15,062 - INFO - app.detection.analysis - Processing image 9/10: /app/uploads/pm_268.jpg
2025-07-10 07:46:15,074 - INFO - app.detection.model - Starting detection for image: /app/uploads/pm_268.jpg
2025-07-10 07:46:15,399 - INFO - app.detection.model - Detection completed for /app/uploads/pm_268.jpg: 1 parasites, 0 WBCs, ratio: 0.0
2025-07-10 07:46:15,400 - INFO - app.detection.analysis - Processing image 10/10: /app/uploads/pm_269.jpg
2025-07-10 07:46:15,406 - INFO - app.detection.model - Starting detection for image: /app/uploads/pm_269.jpg
2025-07-10 07:46:15,708 - INFO - app.detection.model - Detection completed for /app/uploads/pm_269.jpg: 0 parasites, 0 WBCs, ratio: 0.0
2025-07-10 07:46:15,709 - INFO - app.detection.analysis - Analysis completed: Status=POSITIVE, Total Parasites=12, Total WBCs=6, Ratio=2.0
2025-07-10 07:46:15,709 - INFO - app.detection.analysis - Analysis summary: 10/10 images successfully processed
2025-07-10 07:46:15,709 - INFO - app.routes - Diagnosis completed successfully: Status=POSITIVE, Images processed=10
2025-07-10 07:46:15,710 - INFO - werkzeug - 192.168.65.1 - - [10/Jul/2025 07:46:15] "POST /diagnose HTTP/1.1" 200 -
2025-07-10 07:51:58,109 - INFO - app.routes - Received diagnosis request with 10 image paths
2025-07-10 07:51:58,111 - INFO - app.detection.analysis - Starting analysis for 10 images
2025-07-10 07:51:58,112 - INFO - app.detection.analysis - Processing image 1/10: /app/uploads/pm_260.jpg
2025-07-10 07:51:58,112 - INFO - app.detection.model - Starting detection for image: /app/uploads/pm_260.jpg
2025-07-10 07:51:58,539 - INFO - app.detection.model - Detection completed for /app/uploads/pm_260.jpg: 2 parasites, 3 WBCs, ratio: 0.6666666666666666
2025-07-10 07:51:58,539 - INFO - app.detection.analysis - Processing image 2/10: /app/uploads/pm_261.jpg
2025-07-10 07:51:58,539 - INFO - app.detection.model - Starting detection for image: /app/uploads/pm_261.jpg
2025-07-10 07:51:58,814 - INFO - app.detection.model - Detection completed for /app/uploads/pm_261.jpg: 1 parasites, 1 WBCs, ratio: 1.0
2025-07-10 07:51:58,815 - INFO - app.detection.analysis - Processing image 3/10: /app/uploads/pm_262.jpg
2025-07-10 07:51:58,815 - INFO - app.detection.model - Starting detection for image: /app/uploads/pm_262.jpg
2025-07-10 07:51:59,084 - INFO - app.detection.model - Detection completed for /app/uploads/pm_262.jpg: 1 parasites, 1 WBCs, ratio: 1.0
2025-07-10 07:51:59,085 - INFO - app.detection.analysis - Processing image 4/10: /app/uploads/pm_263.jpg
2025-07-10 07:51:59,085 - INFO - app.detection.model - Starting detection for image: /app/uploads/pm_263.jpg
2025-07-10 07:51:59,328 - INFO - app.detection.model - Detection completed for /app/uploads/pm_263.jpg: 1 parasites, 1 WBCs, ratio: 1.0
2025-07-10 07:51:59,328 - INFO - app.detection.analysis - Processing image 5/10: /app/uploads/pm_264.jpg
2025-07-10 07:51:59,329 - INFO - app.detection.model - Starting detection for image: /app/uploads/pm_264.jpg
2025-07-10 07:51:59,591 - INFO - app.detection.model - Detection completed for /app/uploads/pm_264.jpg: 4 parasites, 0 WBCs, ratio: 0.0
2025-07-10 07:51:59,592 - INFO - app.detection.analysis - Processing image 6/10: /app/uploads/pm_265.jpg
2025-07-10 07:51:59,592 - INFO - app.detection.model - Starting detection for image: /app/uploads/pm_265.jpg
2025-07-10 07:51:59,871 - INFO - app.detection.model - Detection completed for /app/uploads/pm_265.jpg: 0 parasites, 0 WBCs, ratio: 0.0
2025-07-10 07:51:59,872 - INFO - app.detection.analysis - Processing image 7/10: /app/uploads/pm_266.jpg
2025-07-10 07:51:59,872 - INFO - app.detection.model - Starting detection for image: /app/uploads/pm_266.jpg
2025-07-10 07:52:00,128 - INFO - app.detection.model - Detection completed for /app/uploads/pm_266.jpg: 2 parasites, 0 WBCs, ratio: 0.0
2025-07-10 07:52:00,129 - INFO - app.detection.analysis - Processing image 8/10: /app/uploads/pm_267.jpg
2025-07-10 07:52:00,129 - INFO - app.detection.model - Starting detection for image: /app/uploads/pm_267.jpg
2025-07-10 07:52:00,378 - INFO - app.detection.model - Detection completed for /app/uploads/pm_267.jpg: 0 parasites, 0 WBCs, ratio: 0.0
2025-07-10 07:52:00,378 - INFO - app.detection.analysis - Processing image 9/10: /app/uploads/pm_268.jpg
2025-07-10 07:52:00,378 - INFO - app.detection.model - Starting detection for image: /app/uploads/pm_268.jpg
2025-07-10 07:52:00,698 - INFO - app.detection.model - Detection completed for /app/uploads/pm_268.jpg: 1 parasites, 0 WBCs, ratio: 0.0
2025-07-10 07:52:00,699 - INFO - app.detection.analysis - Processing image 10/10: /app/uploads/pm_269.jpg
2025-07-10 07:52:00,699 - INFO - app.detection.model - Starting detection for image: /app/uploads/pm_269.jpg
2025-07-10 07:52:01,004 - INFO - app.detection.model - Detection completed for /app/uploads/pm_269.jpg: 0 parasites, 0 WBCs, ratio: 0.0
2025-07-10 07:52:01,005 - INFO - app.detection.analysis - Analysis completed: Status=POSITIVE, Total Parasites=12, Total WBCs=6, Ratio=2.0
2025-07-10 07:52:01,005 - INFO - app.detection.analysis - Analysis summary: 10/10 images successfully processed
2025-07-10 07:52:01,005 - INFO - app.routes - Diagnosis completed successfully: Status=POSITIVE, Images processed=10
2025-07-10 07:52:01,007 - INFO - werkzeug - 192.168.65.1 - - [10/Jul/2025 07:52:01] "POST /diagnose HTTP/1.1" 200 -
2025-07-10 09:02:59,906 - INFO - app.routes - Received diagnosis request with 10 image paths
2025-07-10 09:02:59,913 - INFO - app.detection.analysis - Starting analysis for 10 images
2025-07-10 09:02:59,913 - INFO - app.detection.analysis - Processing image 1/10: /app/uploads/pm_260.jpg
2025-07-10 09:02:59,914 - INFO - app.detection.model - Starting detection for image: /app/uploads/pm_260.jpg
2025-07-10 09:03:00,742 - INFO - app.detection.model - Detection completed for /app/uploads/pm_260.jpg: 2 parasites, 3 WBCs, ratio: 0.6666666666666666
2025-07-10 09:03:00,743 - INFO - app.detection.analysis - Processing image 2/10: /app/uploads/pm_261.jpg
2025-07-10 09:03:00,743 - INFO - app.detection.model - Starting detection for image: /app/uploads/pm_261.jpg
2025-07-10 09:03:01,146 - INFO - app.detection.model - Detection completed for /app/uploads/pm_261.jpg: 1 parasites, 1 WBCs, ratio: 1.0
2025-07-10 09:03:01,146 - INFO - app.detection.analysis - Processing image 3/10: /app/uploads/pm_262.jpg
2025-07-10 09:03:01,147 - INFO - app.detection.model - Starting detection for image: /app/uploads/pm_262.jpg
2025-07-10 09:03:01,526 - INFO - app.detection.model - Detection completed for /app/uploads/pm_262.jpg: 1 parasites, 1 WBCs, ratio: 1.0
2025-07-10 09:03:01,526 - INFO - app.detection.analysis - Processing image 4/10: /app/uploads/pm_263.jpg
2025-07-10 09:03:01,526 - INFO - app.detection.model - Starting detection for image: /app/uploads/pm_263.jpg
2025-07-10 09:03:01,854 - INFO - app.detection.model - Detection completed for /app/uploads/pm_263.jpg: 1 parasites, 1 WBCs, ratio: 1.0
2025-07-10 09:03:01,854 - INFO - app.detection.analysis - Processing image 5/10: /app/uploads/pm_264.jpg
2025-07-10 09:03:01,855 - INFO - app.detection.model - Starting detection for image: /app/uploads/pm_264.jpg
2025-07-10 09:03:02,228 - INFO - app.detection.model - Detection completed for /app/uploads/pm_264.jpg: 4 parasites, 0 WBCs, ratio: 0.0
2025-07-10 09:03:02,229 - INFO - app.detection.analysis - Processing image 6/10: /app/uploads/pm_265.jpg
2025-07-10 09:03:02,229 - INFO - app.detection.model - Starting detection for image: /app/uploads/pm_265.jpg
2025-07-10 09:03:02,576 - INFO - app.detection.model - Detection completed for /app/uploads/pm_265.jpg: 0 parasites, 0 WBCs, ratio: 0.0
2025-07-10 09:03:02,577 - INFO - app.detection.analysis - Processing image 7/10: /app/uploads/pm_266.jpg
2025-07-10 09:03:02,577 - INFO - app.detection.model - Starting detection for image: /app/uploads/pm_266.jpg
2025-07-10 09:03:02,862 - INFO - app.detection.model - Detection completed for /app/uploads/pm_266.jpg: 2 parasites, 0 WBCs, ratio: 0.0
2025-07-10 09:03:02,862 - INFO - app.detection.analysis - Processing image 8/10: /app/uploads/pm_267.jpg
2025-07-10 09:03:02,863 - INFO - app.detection.model - Starting detection for image: /app/uploads/pm_267.jpg
2025-07-10 09:03:03,161 - INFO - app.detection.model - Detection completed for /app/uploads/pm_267.jpg: 0 parasites, 0 WBCs, ratio: 0.0
2025-07-10 09:03:03,161 - INFO - app.detection.analysis - Processing image 9/10: /app/uploads/pm_268.jpg
2025-07-10 09:03:03,161 - INFO - app.detection.model - Starting detection for image: /app/uploads/pm_268.jpg
2025-07-10 09:03:03,445 - INFO - app.detection.model - Detection completed for /app/uploads/pm_268.jpg: 1 parasites, 0 WBCs, ratio: 0.0
2025-07-10 09:03:03,445 - INFO - app.detection.analysis - Processing image 10/10: /app/uploads/pm_269.jpg
2025-07-10 09:03:03,445 - INFO - app.detection.model - Starting detection for image: /app/uploads/pm_269.jpg
2025-07-10 09:03:03,689 - INFO - app.detection.model - Detection completed for /app/uploads/pm_269.jpg: 0 parasites, 0 WBCs, ratio: 0.0
2025-07-10 09:03:03,689 - INFO - app.detection.analysis - Analysis completed: Status=POSITIVE, Total Parasites=12, Total WBCs=6, Ratio=2.0
2025-07-10 09:03:03,689 - INFO - app.detection.analysis - Analysis summary: 10/10 images successfully processed
2025-07-10 09:03:03,689 - INFO - app.routes - Diagnosis completed successfully: Status=POSITIVE, Images processed=10
2025-07-10 09:03:03,708 - INFO - werkzeug - 192.168.65.1 - - [10/Jul/2025 09:03:03] "POST /diagnose HTTP/1.1" 200 -
2025-07-10 09:07:37,468 - INFO - root - Logging configuration completed
2025-07-10 09:07:37,698 - INFO - app.detection.model - Successfully loaded YOLO model from app/models/malaria_yolov10.pt
2025-07-10 09:07:37,700 - INFO - app - Flask application initialized successfully
2025-07-10 09:07:37,707 - INFO - werkzeug - [31m[1mWARNING: This is a development server. Do not use it in a production deployment. Use a production WSGI server instead.[0m
 * Running on all addresses (0.0.0.0)
 * Running on http://127.0.0.1:5000
 * Running on http://172.24.0.5:5000
2025-07-10 09:07:37,707 - INFO - werkzeug - [33mPress CTRL+C to quit[0m
2025-07-10 09:09:16,501 - INFO - app.routes - Received diagnosis request with 10 image paths
2025-07-10 09:09:16,507 - INFO - app.detection.analysis - Starting analysis for 10 images
2025-07-10 09:09:16,507 - INFO - app.detection.analysis - Processing image 1/10: /app/uploads/pm_260.jpg
2025-07-10 09:09:16,508 - INFO - app.detection.model - Starting detection for image: /app/uploads/pm_260.jpg
2025-07-10 09:09:18,927 - INFO - app.detection.model - Detection completed for /app/uploads/pm_260.jpg: 2 parasites, 3 WBCs, ratio: 0.6666666666666666
2025-07-10 09:09:18,928 - INFO - app.detection.analysis - Processing image 2/10: /app/uploads/pm_261.jpg
2025-07-10 09:09:18,928 - INFO - app.detection.model - Starting detection for image: /app/uploads/pm_261.jpg
2025-07-10 09:09:19,228 - INFO - app.detection.model - Detection completed for /app/uploads/pm_261.jpg: 1 parasites, 1 WBCs, ratio: 1.0
2025-07-10 09:09:19,228 - INFO - app.detection.analysis - Processing image 3/10: /app/uploads/pm_262.jpg
2025-07-10 09:09:19,228 - INFO - app.detection.model - Starting detection for image: /app/uploads/pm_262.jpg
2025-07-10 09:09:19,541 - INFO - app.detection.model - Detection completed for /app/uploads/pm_262.jpg: 1 parasites, 1 WBCs, ratio: 1.0
2025-07-10 09:09:19,541 - INFO - app.detection.analysis - Processing image 4/10: /app/uploads/pm_263.jpg
2025-07-10 09:09:19,541 - INFO - app.detection.model - Starting detection for image: /app/uploads/pm_263.jpg
2025-07-10 09:09:19,820 - INFO - app.detection.model - Detection completed for /app/uploads/pm_263.jpg: 1 parasites, 1 WBCs, ratio: 1.0
2025-07-10 09:09:19,821 - INFO - app.detection.analysis - Processing image 5/10: /app/uploads/pm_264.jpg
2025-07-10 09:09:19,822 - INFO - app.detection.model - Starting detection for image: /app/uploads/pm_264.jpg
2025-07-10 09:09:20,132 - INFO - app.detection.model - Detection completed for /app/uploads/pm_264.jpg: 4 parasites, 0 WBCs, ratio: 0.0
2025-07-10 09:09:20,132 - INFO - app.detection.analysis - Processing image 6/10: /app/uploads/pm_265.jpg
2025-07-10 09:09:20,133 - INFO - app.detection.model - Starting detection for image: /app/uploads/pm_265.jpg
2025-07-10 09:09:20,449 - INFO - app.detection.model - Detection completed for /app/uploads/pm_265.jpg: 0 parasites, 0 WBCs, ratio: 0.0
2025-07-10 09:09:20,450 - INFO - app.detection.analysis - Processing image 7/10: /app/uploads/pm_266.jpg
2025-07-10 09:09:20,450 - INFO - app.detection.model - Starting detection for image: /app/uploads/pm_266.jpg
2025-07-10 09:09:20,745 - INFO - app.detection.model - Detection completed for /app/uploads/pm_266.jpg: 2 parasites, 0 WBCs, ratio: 0.0
2025-07-10 09:09:20,746 - INFO - app.detection.analysis - Processing image 8/10: /app/uploads/pm_267.jpg
2025-07-10 09:09:20,746 - INFO - app.detection.model - Starting detection for image: /app/uploads/pm_267.jpg
2025-07-10 09:09:21,015 - INFO - app.detection.model - Detection completed for /app/uploads/pm_267.jpg: 0 parasites, 0 WBCs, ratio: 0.0
2025-07-10 09:09:21,015 - INFO - app.detection.analysis - Processing image 9/10: /app/uploads/pm_268.jpg
2025-07-10 09:09:21,016 - INFO - app.detection.model - Starting detection for image: /app/uploads/pm_268.jpg
2025-07-10 09:09:21,335 - INFO - app.detection.model - Detection completed for /app/uploads/pm_268.jpg: 1 parasites, 0 WBCs, ratio: 0.0
2025-07-10 09:09:21,335 - INFO - app.detection.analysis - Processing image 10/10: /app/uploads/pm_269.jpg
2025-07-10 09:09:21,336 - INFO - app.detection.model - Starting detection for image: /app/uploads/pm_269.jpg
2025-07-10 09:09:21,609 - INFO - app.detection.model - Detection completed for /app/uploads/pm_269.jpg: 0 parasites, 0 WBCs, ratio: 0.0
2025-07-10 09:09:21,609 - INFO - app.detection.analysis - Analysis completed: Status=POSITIVE, Total Parasites=12, Total WBCs=6, Ratio=2.0
2025-07-10 09:09:21,610 - INFO - app.detection.analysis - Analysis summary: 10/10 images successfully processed
2025-07-10 09:09:21,610 - INFO - app.routes - Diagnosis completed successfully: Status=POSITIVE, Images processed=10
2025-07-10 09:09:21,614 - INFO - werkzeug - 192.168.65.1 - - [10/Jul/2025 09:09:21] "POST /diagnose HTTP/1.1" 200 -
2025-07-10 09:13:05,421 - ERROR - app.routes - Unexpected error in diagnose endpoint: 400 Bad Request: The browser (or proxy) sent a request that this server could not understand.
2025-07-10 09:13:05,427 - INFO - werkzeug - 192.168.65.1 - - [10/Jul/2025 09:13:05] "[35m[1mPOST /diagnose HTTP/1.1[0m" 500 -
2025-07-13 19:27:55,437 - ERROR - app.routes - Unexpected error in diagnose endpoint: 400 Bad Request: The browser (or proxy) sent a request that this server could not understand.
2025-07-13 19:27:55,470 - INFO - werkzeug - 192.168.65.1 - - [13/Jul/2025 19:27:55] "[35m[1mPOST /diagnose HTTP/1.1[0m" 500 -
2025-07-13 19:28:01,586 - INFO - app.routes - Received diagnosis request with 10 image paths
2025-07-13 19:28:01,589 - INFO - app.detection.analysis - Starting analysis for 10 images
2025-07-13 19:28:01,589 - INFO - app.detection.analysis - Processing image 1/10: /app/uploads/pm_260.jpg
2025-07-13 19:28:01,591 - INFO - app.detection.model - Starting detection for image: /app/uploads/pm_260.jpg
2025-07-13 19:28:02,392 - INFO - app.detection.model - Detection completed for /app/uploads/pm_260.jpg: 2 parasites, 3 WBCs, ratio: 0.6666666666666666
2025-07-13 19:28:02,392 - INFO - app.detection.analysis - Processing image 2/10: /app/uploads/pm_261.jpg
2025-07-13 19:28:02,393 - INFO - app.detection.model - Starting detection for image: /app/uploads/pm_261.jpg
2025-07-13 19:28:02,706 - INFO - app.detection.model - Detection completed for /app/uploads/pm_261.jpg: 1 parasites, 1 WBCs, ratio: 1.0
2025-07-13 19:28:02,707 - INFO - app.detection.analysis - Processing image 3/10: /app/uploads/pm_262.jpg
2025-07-13 19:28:02,707 - INFO - app.detection.model - Starting detection for image: /app/uploads/pm_262.jpg
2025-07-13 19:28:02,962 - INFO - app.detection.model - Detection completed for /app/uploads/pm_262.jpg: 1 parasites, 1 WBCs, ratio: 1.0
2025-07-13 19:28:02,962 - INFO - app.detection.analysis - Processing image 4/10: /app/uploads/pm_263.jpg
2025-07-13 19:28:02,963 - INFO - app.detection.model - Starting detection for image: /app/uploads/pm_263.jpg
2025-07-13 19:28:03,254 - INFO - app.detection.model - Detection completed for /app/uploads/pm_263.jpg: 1 parasites, 1 WBCs, ratio: 1.0
2025-07-13 19:28:03,254 - INFO - app.detection.analysis - Processing image 5/10: /app/uploads/pm_264.jpg
2025-07-13 19:28:03,255 - INFO - app.detection.model - Starting detection for image: /app/uploads/pm_264.jpg
2025-07-13 19:28:03,513 - INFO - app.detection.model - Detection completed for /app/uploads/pm_264.jpg: 4 parasites, 0 WBCs, ratio: 0.0
2025-07-13 19:28:03,514 - INFO - app.detection.analysis - Processing image 6/10: /app/uploads/pm_265.jpg
2025-07-13 19:28:03,517 - INFO - app.detection.model - Starting detection for image: /app/uploads/pm_265.jpg
2025-07-13 19:28:03,787 - INFO - app.detection.model - Detection completed for /app/uploads/pm_265.jpg: 0 parasites, 0 WBCs, ratio: 0.0
2025-07-13 19:28:03,787 - INFO - app.detection.analysis - Processing image 7/10: /app/uploads/pm_266.jpg
2025-07-13 19:28:03,788 - INFO - app.detection.model - Starting detection for image: /app/uploads/pm_266.jpg
2025-07-13 19:28:04,035 - INFO - app.detection.model - Detection completed for /app/uploads/pm_266.jpg: 2 parasites, 0 WBCs, ratio: 0.0
2025-07-13 19:28:04,035 - INFO - app.detection.analysis - Processing image 8/10: /app/uploads/pm_267.jpg
2025-07-13 19:28:04,036 - INFO - app.detection.model - Starting detection for image: /app/uploads/pm_267.jpg
2025-07-13 19:28:04,308 - INFO - app.detection.model - Detection completed for /app/uploads/pm_267.jpg: 0 parasites, 0 WBCs, ratio: 0.0
2025-07-13 19:28:04,308 - INFO - app.detection.analysis - Processing image 9/10: /app/uploads/pm_268.jpg
2025-07-13 19:28:04,311 - INFO - app.detection.model - Starting detection for image: /app/uploads/pm_268.jpg
2025-07-13 19:28:04,574 - INFO - app.detection.model - Detection completed for /app/uploads/pm_268.jpg: 1 parasites, 0 WBCs, ratio: 0.0
2025-07-13 19:28:04,574 - INFO - app.detection.analysis - Processing image 10/10: /app/uploads/pm_269.jpg
2025-07-13 19:28:04,577 - INFO - app.detection.model - Starting detection for image: /app/uploads/pm_269.jpg
2025-07-13 19:28:04,841 - INFO - app.detection.model - Detection completed for /app/uploads/pm_269.jpg: 0 parasites, 0 WBCs, ratio: 0.0
2025-07-13 19:28:04,841 - INFO - app.detection.analysis - Analysis completed: Status=POSITIVE, Total Parasites=12, Total WBCs=6, Ratio=2.0
2025-07-13 19:28:04,841 - INFO - app.detection.analysis - Analysis summary: 10/10 images successfully processed
2025-07-13 19:28:04,841 - INFO - app.routes - Diagnosis completed successfully: Status=POSITIVE, Images processed=10
2025-07-13 19:28:04,843 - INFO - werkzeug - 192.168.65.1 - - [13/Jul/2025 19:28:04] "POST /diagnose HTTP/1.1" 200 -
2025-07-13 19:36:56,568 - INFO - app.routes - Received diagnosis request with 10 image paths
2025-07-13 19:36:56,571 - INFO - app.detection.analysis - Starting analysis for 10 images
2025-07-13 19:36:56,571 - INFO - app.detection.analysis - Processing image 1/10: /app/uploads/pf_6.jpg
2025-07-13 19:36:56,571 - INFO - app.detection.model - Starting detection for image: /app/uploads/pf_6.jpg
2025-07-13 19:36:57,121 - INFO - app.detection.model - Detection completed for /app/uploads/pf_6.jpg: 2 parasites, 1 WBCs, ratio: 2.0
2025-07-13 19:36:57,122 - INFO - app.detection.analysis - Processing image 2/10: /app/uploads/pf_7.jpg
2025-07-13 19:36:57,122 - INFO - app.detection.model - Starting detection for image: /app/uploads/pf_7.jpg
2025-07-13 19:36:57,473 - INFO - app.detection.model - Detection completed for /app/uploads/pf_7.jpg: 1 parasites, 4 WBCs, ratio: 0.25
2025-07-13 19:36:57,473 - INFO - app.detection.analysis - Processing image 3/10: /app/uploads/pf_9.jpg
2025-07-13 19:36:57,473 - INFO - app.detection.model - Starting detection for image: /app/uploads/pf_9.jpg
2025-07-13 19:36:57,854 - INFO - app.detection.model - Detection completed for /app/uploads/pf_9.jpg: 0 parasites, 0 WBCs, ratio: 0.0
2025-07-13 19:36:57,855 - INFO - app.detection.analysis - Processing image 4/10: /app/uploads/pf_50.jpg
2025-07-13 19:36:57,855 - INFO - app.detection.model - Starting detection for image: /app/uploads/pf_50.jpg
2025-07-13 19:36:58,237 - INFO - app.detection.model - Detection completed for /app/uploads/pf_50.jpg: 0 parasites, 1 WBCs, ratio: 0.0
2025-07-13 19:36:58,238 - INFO - app.detection.analysis - Processing image 5/10: /app/uploads/pf_51.jpg
2025-07-13 19:36:58,253 - INFO - app.detection.model - Starting detection for image: /app/uploads/pf_51.jpg
2025-07-13 19:36:58,684 - INFO - app.detection.model - Detection completed for /app/uploads/pf_51.jpg: 0 parasites, 0 WBCs, ratio: 0.0
2025-07-13 19:36:58,684 - INFO - app.detection.analysis - Processing image 6/10: /app/uploads/pf_51.jpg
2025-07-13 19:36:58,684 - INFO - app.detection.model - Starting detection for image: /app/uploads/pf_51.jpg
2025-07-13 19:36:59,059 - INFO - app.detection.model - Detection completed for /app/uploads/pf_51.jpg: 0 parasites, 0 WBCs, ratio: 0.0
2025-07-13 19:36:59,059 - INFO - app.detection.analysis - Processing image 7/10: /app/uploads/pf_52.jpg
2025-07-13 19:36:59,059 - INFO - app.detection.model - Starting detection for image: /app/uploads/pf_52.jpg
2025-07-13 19:36:59,398 - INFO - app.detection.model - Detection completed for /app/uploads/pf_52.jpg: 0 parasites, 0 WBCs, ratio: 0.0
2025-07-13 19:36:59,399 - INFO - app.detection.analysis - Processing image 8/10: /app/uploads/pf_53.jpg
2025-07-13 19:36:59,406 - INFO - app.detection.model - Starting detection for image: /app/uploads/pf_53.jpg
2025-07-13 19:36:59,910 - INFO - app.detection.model - Detection completed for /app/uploads/pf_53.jpg: 0 parasites, 1 WBCs, ratio: 0.0
2025-07-13 19:36:59,918 - INFO - app.detection.analysis - Processing image 9/10: /app/uploads/pf_57.jpg
2025-07-13 19:36:59,919 - INFO - app.detection.model - Starting detection for image: /app/uploads/pf_57.jpg
2025-07-13 19:37:00,451 - INFO - app.detection.model - Detection completed for /app/uploads/pf_57.jpg: 0 parasites, 1 WBCs, ratio: 0.0
2025-07-13 19:37:00,451 - INFO - app.detection.analysis - Processing image 10/10: /app/uploads/pf_58.jpg
2025-07-13 19:37:00,452 - INFO - app.detection.model - Starting detection for image: /app/uploads/pf_58.jpg
2025-07-13 19:37:00,984 - INFO - app.detection.model - Detection completed for /app/uploads/pf_58.jpg: 0 parasites, 0 WBCs, ratio: 0.0
2025-07-13 19:37:00,988 - INFO - app.detection.analysis - Analysis completed: Status=POSITIVE, Total Parasites=3, Total WBCs=8, Ratio=0.375
2025-07-13 19:37:00,991 - INFO - app.detection.analysis - Analysis summary: 10/10 images successfully processed
2025-07-13 19:37:00,991 - INFO - app.routes - Diagnosis completed successfully: Status=POSITIVE, Images processed=10
2025-07-13 19:37:00,997 - INFO - werkzeug - 192.168.65.1 - - [13/Jul/2025 19:37:00] "POST /diagnose HTTP/1.1" 200 -
2025-07-13 19:50:30,321 - INFO - app.routes - Received diagnosis request with 10 image paths
2025-07-13 19:50:30,328 - INFO - app.detection.analysis - Starting analysis for 10 images
2025-07-13 19:50:30,328 - INFO - app.detection.analysis - Processing image 1/10: /app/uploads/pf_6.jpg
2025-07-13 19:50:30,329 - INFO - app.detection.model - Starting detection for image: /app/uploads/pf_6.jpg
2025-07-13 19:50:30,971 - INFO - app.detection.model - Detection completed for /app/uploads/pf_6.jpg: 2 parasites, 1 WBCs, ratio: 2.0
2025-07-13 19:50:30,971 - INFO - app.detection.analysis - Processing image 2/10: /app/uploads/pf_7.jpg
2025-07-13 19:50:30,972 - INFO - app.detection.model - Starting detection for image: /app/uploads/pf_7.jpg
2025-07-13 19:50:31,378 - INFO - app.detection.model - Detection completed for /app/uploads/pf_7.jpg: 1 parasites, 4 WBCs, ratio: 0.25
2025-07-13 19:50:31,379 - INFO - app.detection.analysis - Processing image 3/10: /app/uploads/pf_9.jpg
2025-07-13 19:50:31,379 - INFO - app.detection.model - Starting detection for image: /app/uploads/pf_9.jpg
2025-07-13 19:50:31,726 - INFO - app.detection.model - Detection completed for /app/uploads/pf_9.jpg: 0 parasites, 0 WBCs, ratio: 0.0
2025-07-13 19:50:31,726 - INFO - app.detection.analysis - Processing image 4/10: /app/uploads/pf_50.jpg
2025-07-13 19:50:31,727 - INFO - app.detection.model - Starting detection for image: /app/uploads/pf_50.jpg
2025-07-13 19:50:32,064 - INFO - app.detection.model - Detection completed for /app/uploads/pf_50.jpg: 0 parasites, 1 WBCs, ratio: 0.0
2025-07-13 19:50:32,065 - INFO - app.detection.analysis - Processing image 5/10: /app/uploads/pf_51.jpg
2025-07-13 19:50:32,065 - INFO - app.detection.model - Starting detection for image: /app/uploads/pf_51.jpg
2025-07-13 19:50:32,366 - INFO - app.detection.model - Detection completed for /app/uploads/pf_51.jpg: 0 parasites, 0 WBCs, ratio: 0.0
2025-07-13 19:50:32,367 - INFO - app.detection.analysis - Processing image 6/10: /app/uploads/pf_51.jpg
2025-07-13 19:50:32,367 - INFO - app.detection.model - Starting detection for image: /app/uploads/pf_51.jpg
2025-07-13 19:50:32,692 - INFO - app.detection.model - Detection completed for /app/uploads/pf_51.jpg: 0 parasites, 0 WBCs, ratio: 0.0
2025-07-13 19:50:32,692 - INFO - app.detection.analysis - Processing image 7/10: /app/uploads/pf_52.jpg
2025-07-13 19:50:32,693 - INFO - app.detection.model - Starting detection for image: /app/uploads/pf_52.jpg
2025-07-13 19:50:33,135 - INFO - app.detection.model - Detection completed for /app/uploads/pf_52.jpg: 0 parasites, 0 WBCs, ratio: 0.0
2025-07-13 19:50:33,135 - INFO - app.detection.analysis - Processing image 8/10: /app/uploads/pf_53.jpg
2025-07-13 19:50:33,136 - INFO - app.detection.model - Starting detection for image: /app/uploads/pf_53.jpg
2025-07-13 19:50:33,547 - INFO - app.detection.model - Detection completed for /app/uploads/pf_53.jpg: 0 parasites, 1 WBCs, ratio: 0.0
2025-07-13 19:50:33,561 - INFO - app.detection.analysis - Processing image 9/10: /app/uploads/pf_57.jpg
2025-07-13 19:50:33,564 - INFO - app.detection.model - Starting detection for image: /app/uploads/pf_57.jpg
2025-07-13 19:50:34,040 - INFO - app.detection.model - Detection completed for /app/uploads/pf_57.jpg: 0 parasites, 1 WBCs, ratio: 0.0
2025-07-13 19:50:34,041 - INFO - app.detection.analysis - Processing image 10/10: /app/uploads/pf_58.jpg
2025-07-13 19:50:34,041 - INFO - app.detection.model - Starting detection for image: /app/uploads/pf_58.jpg
2025-07-13 19:50:34,350 - INFO - app.detection.model - Detection completed for /app/uploads/pf_58.jpg: 0 parasites, 0 WBCs, ratio: 0.0
2025-07-13 19:50:34,350 - INFO - app.detection.analysis - Analysis completed: Status=POSITIVE, Total Parasites=3, Total WBCs=8, Ratio=0.375
2025-07-13 19:50:34,351 - INFO - app.detection.analysis - Analysis summary: 10/10 images successfully processed
2025-07-13 19:50:34,351 - INFO - app.routes - Diagnosis completed successfully: Status=POSITIVE, Images processed=10
2025-07-13 19:50:34,352 - INFO - werkzeug - 192.168.65.1 - - [13/Jul/2025 19:50:34] "POST /diagnose HTTP/1.1" 200 -
2025-07-13 19:52:08,058 - INFO - root - Logging configuration completed
2025-07-13 19:52:08,440 - INFO - app.detection.model - Successfully loaded YOLO model from app/models/malaria_yolov10.pt
2025-07-13 19:52:08,441 - INFO - app - Flask application initialized successfully
2025-07-13 19:52:08,446 - INFO - werkzeug - [31m[1mWARNING: This is a development server. Do not use it in a production deployment. Use a production WSGI server instead.[0m
 * Running on all addresses (0.0.0.0)
 * Running on http://127.0.0.1:5000
 * Running on http://172.24.0.5:5000
2025-07-13 19:52:08,446 - INFO - werkzeug - [33mPress CTRL+C to quit[0m
2025-07-13 19:52:15,931 - INFO - app.routes - Received diagnosis request with 10 image paths
2025-07-13 19:52:15,932 - INFO - app.detection.analysis - Starting analysis for 10 images
2025-07-13 19:52:15,932 - INFO - app.detection.analysis - Processing image 1/10: /app/uploads/pf_6.jpg
2025-07-13 19:52:15,933 - INFO - app.detection.model - Starting detection for image: /app/uploads/pf_6.jpg
2025-07-13 19:52:17,919 - INFO - app.detection.model - Detection completed for /app/uploads/pf_6.jpg: 2 parasites, 1 WBCs, ratio: 2.0
2025-07-13 19:52:17,920 - INFO - app.detection.analysis - Processing image 2/10: /app/uploads/pf_7.jpg
2025-07-13 19:52:17,920 - INFO - app.detection.model - Starting detection for image: /app/uploads/pf_7.jpg
2025-07-13 19:52:18,312 - INFO - app.detection.model - Detection completed for /app/uploads/pf_7.jpg: 1 parasites, 4 WBCs, ratio: 0.25
2025-07-13 19:52:18,312 - INFO - app.detection.analysis - Processing image 3/10: /app/uploads/pf_9.jpg
2025-07-13 19:52:18,312 - INFO - app.detection.model - Starting detection for image: /app/uploads/pf_9.jpg
2025-07-13 19:52:18,601 - INFO - app.detection.model - Detection completed for /app/uploads/pf_9.jpg: 0 parasites, 0 WBCs, ratio: 0.0
2025-07-13 19:52:18,601 - INFO - app.detection.analysis - Processing image 4/10: /app/uploads/pf_50.jpg
2025-07-13 19:52:18,602 - INFO - app.detection.model - Starting detection for image: /app/uploads/pf_50.jpg
2025-07-13 19:52:19,022 - INFO - app.detection.model - Detection completed for /app/uploads/pf_50.jpg: 0 parasites, 1 WBCs, ratio: 0.0
2025-07-13 19:52:19,022 - INFO - app.detection.analysis - Processing image 5/10: /app/uploads/pf_51.jpg
2025-07-13 19:52:19,022 - INFO - app.detection.model - Starting detection for image: /app/uploads/pf_51.jpg
2025-07-13 19:52:19,371 - INFO - app.detection.model - Detection completed for /app/uploads/pf_51.jpg: 0 parasites, 0 WBCs, ratio: 0.0
2025-07-13 19:52:19,371 - INFO - app.detection.analysis - Processing image 6/10: /app/uploads/pf_51.jpg
2025-07-13 19:52:19,371 - INFO - app.detection.model - Starting detection for image: /app/uploads/pf_51.jpg
2025-07-13 19:52:19,687 - INFO - app.detection.model - Detection completed for /app/uploads/pf_51.jpg: 0 parasites, 0 WBCs, ratio: 0.0
2025-07-13 19:52:19,687 - INFO - app.detection.analysis - Processing image 7/10: /app/uploads/pf_52.jpg
2025-07-13 19:52:19,688 - INFO - app.detection.model - Starting detection for image: /app/uploads/pf_52.jpg
2025-07-13 19:52:19,981 - INFO - app.detection.model - Detection completed for /app/uploads/pf_52.jpg: 0 parasites, 0 WBCs, ratio: 0.0
2025-07-13 19:52:19,982 - INFO - app.detection.analysis - Processing image 8/10: /app/uploads/pf_53.jpg
2025-07-13 19:52:19,982 - INFO - app.detection.model - Starting detection for image: /app/uploads/pf_53.jpg
2025-07-13 19:52:20,271 - INFO - app.detection.model - Detection completed for /app/uploads/pf_53.jpg: 0 parasites, 1 WBCs, ratio: 0.0
2025-07-13 19:52:20,272 - INFO - app.detection.analysis - Processing image 9/10: /app/uploads/pf_57.jpg
2025-07-13 19:52:20,272 - INFO - app.detection.model - Starting detection for image: /app/uploads/pf_57.jpg
2025-07-13 19:52:20,600 - INFO - app.detection.model - Detection completed for /app/uploads/pf_57.jpg: 0 parasites, 1 WBCs, ratio: 0.0
2025-07-13 19:52:20,601 - INFO - app.detection.analysis - Processing image 10/10: /app/uploads/pf_58.jpg
2025-07-13 19:52:20,601 - INFO - app.detection.model - Starting detection for image: /app/uploads/pf_58.jpg
2025-07-13 19:52:20,904 - INFO - app.detection.model - Detection completed for /app/uploads/pf_58.jpg: 0 parasites, 0 WBCs, ratio: 0.0
2025-07-13 19:52:20,904 - INFO - app.detection.analysis - Analysis completed: Status=POSITIVE, Total Parasites=3, Total WBCs=8, Ratio=0.375
2025-07-13 19:52:20,904 - INFO - app.detection.analysis - Analysis summary: 10/10 images successfully processed
2025-07-13 19:52:20,905 - INFO - app.routes - Diagnosis completed successfully: Status=POSITIVE, Images processed=10
2025-07-13 19:52:20,906 - INFO - werkzeug - 192.168.65.1 - - [13/Jul/2025 19:52:20] "POST /diagnose HTTP/1.1" 200 -
2025-07-13 20:10:17,485 - INFO - app.routes - Received diagnosis request with 10 image paths
2025-07-13 20:10:17,493 - INFO - app.detection.analysis - Starting analysis for 10 images
2025-07-13 20:10:17,494 - INFO - app.detection.analysis - Processing image 1/10: /app/uploads/pf_6.jpg
2025-07-13 20:10:17,495 - INFO - app.detection.model - Starting detection for image: /app/uploads/pf_6.jpg
2025-07-13 20:10:18,293 - INFO - app.detection.model - Detection completed for /app/uploads/pf_6.jpg: 2 parasites, 1 WBCs, ratio: 2.0
2025-07-13 20:10:18,294 - INFO - app.detection.analysis - Processing image 2/10: /app/uploads/pf_7.jpg
2025-07-13 20:10:18,294 - INFO - app.detection.model - Starting detection for image: /app/uploads/pf_7.jpg
2025-07-13 20:10:18,816 - INFO - app.detection.model - Detection completed for /app/uploads/pf_7.jpg: 1 parasites, 4 WBCs, ratio: 0.25
2025-07-13 20:10:18,817 - INFO - app.detection.analysis - Processing image 3/10: /app/uploads/pf_9.jpg
2025-07-13 20:10:18,817 - INFO - app.detection.model - Starting detection for image: /app/uploads/pf_9.jpg
2025-07-13 20:10:19,191 - INFO - app.detection.model - Detection completed for /app/uploads/pf_9.jpg: 0 parasites, 0 WBCs, ratio: 0.0
2025-07-13 20:10:19,191 - INFO - app.detection.analysis - Processing image 4/10: /app/uploads/pf_50.jpg
2025-07-13 20:10:19,191 - INFO - app.detection.model - Starting detection for image: /app/uploads/pf_50.jpg
2025-07-13 20:10:19,551 - INFO - app.detection.model - Detection completed for /app/uploads/pf_50.jpg: 0 parasites, 1 WBCs, ratio: 0.0
2025-07-13 20:10:19,552 - INFO - app.detection.analysis - Processing image 5/10: /app/uploads/pf_51.jpg
2025-07-13 20:10:19,552 - INFO - app.detection.model - Starting detection for image: /app/uploads/pf_51.jpg
2025-07-13 20:10:19,895 - INFO - app.detection.model - Detection completed for /app/uploads/pf_51.jpg: 0 parasites, 0 WBCs, ratio: 0.0
2025-07-13 20:10:19,896 - INFO - app.detection.analysis - Processing image 6/10: /app/uploads/pf_51.jpg
2025-07-13 20:10:19,896 - INFO - app.detection.model - Starting detection for image: /app/uploads/pf_51.jpg
2025-07-13 20:10:20,219 - INFO - app.detection.model - Detection completed for /app/uploads/pf_51.jpg: 0 parasites, 0 WBCs, ratio: 0.0
2025-07-13 20:10:20,219 - INFO - app.detection.analysis - Processing image 7/10: /app/uploads/pf_52.jpg
2025-07-13 20:10:20,219 - INFO - app.detection.model - Starting detection for image: /app/uploads/pf_52.jpg
2025-07-13 20:10:20,526 - INFO - app.detection.model - Detection completed for /app/uploads/pf_52.jpg: 0 parasites, 0 WBCs, ratio: 0.0
2025-07-13 20:10:20,527 - INFO - app.detection.analysis - Processing image 8/10: /app/uploads/pf_53.jpg
2025-07-13 20:10:20,527 - INFO - app.detection.model - Starting detection for image: /app/uploads/pf_53.jpg
2025-07-13 20:10:20,838 - INFO - app.detection.model - Detection completed for /app/uploads/pf_53.jpg: 0 parasites, 1 WBCs, ratio: 0.0
2025-07-13 20:10:20,838 - INFO - app.detection.analysis - Processing image 9/10: /app/uploads/pf_57.jpg
2025-07-13 20:10:20,838 - INFO - app.detection.model - Starting detection for image: /app/uploads/pf_57.jpg
2025-07-13 20:10:21,128 - INFO - app.detection.model - Detection completed for /app/uploads/pf_57.jpg: 0 parasites, 1 WBCs, ratio: 0.0
2025-07-13 20:10:21,128 - INFO - app.detection.analysis - Processing image 10/10: /app/uploads/pf_58.jpg
2025-07-13 20:10:21,128 - INFO - app.detection.model - Starting detection for image: /app/uploads/pf_58.jpg
2025-07-13 20:10:21,420 - INFO - app.detection.model - Detection completed for /app/uploads/pf_58.jpg: 0 parasites, 0 WBCs, ratio: 0.0
2025-07-13 20:10:21,420 - INFO - app.detection.analysis - Analysis completed: Status=POSITIVE, Total Parasites=3, Total WBCs=8, Ratio=0.375
2025-07-13 20:10:21,420 - INFO - app.detection.analysis - Analysis summary: 10/10 images successfully processed
2025-07-13 20:10:21,420 - INFO - app.routes - Diagnosis completed successfully: Status=POSITIVE, Images processed=10
2025-07-13 20:10:21,426 - INFO - werkzeug - 192.168.65.1 - - [13/Jul/2025 20:10:21] "POST /diagnose HTTP/1.1" 200 -
2025-07-13 20:41:12,503 - INFO - app.routes - Received diagnosis request with 10 image paths
2025-07-13 20:41:12,508 - INFO - app.detection.analysis - Starting analysis for 10 images
2025-07-13 20:41:12,508 - INFO - app.detection.analysis - Processing image 1/10: /app/uploads/pf_6.jpg
2025-07-13 20:41:12,509 - INFO - app.detection.model - Starting detection for image: /app/uploads/pf_6.jpg
2025-07-13 20:41:13,113 - INFO - app.detection.model - Detection completed for /app/uploads/pf_6.jpg: 2 parasites, 1 WBCs, ratio: 2.0
2025-07-13 20:41:13,114 - INFO - app.detection.analysis - Processing image 2/10: /app/uploads/pf_7.jpg
2025-07-13 20:41:13,114 - INFO - app.detection.model - Starting detection for image: /app/uploads/pf_7.jpg
2025-07-13 20:41:13,498 - INFO - app.detection.model - Detection completed for /app/uploads/pf_7.jpg: 1 parasites, 4 WBCs, ratio: 0.25
2025-07-13 20:41:13,498 - INFO - app.detection.analysis - Processing image 3/10: /app/uploads/pf_9.jpg
2025-07-13 20:41:13,498 - INFO - app.detection.model - Starting detection for image: /app/uploads/pf_9.jpg
2025-07-13 20:41:13,932 - INFO - app.detection.model - Detection completed for /app/uploads/pf_9.jpg: 0 parasites, 0 WBCs, ratio: 0.0
2025-07-13 20:41:13,932 - INFO - app.detection.analysis - Processing image 4/10: /app/uploads/pf_50.jpg
2025-07-13 20:41:13,933 - INFO - app.detection.model - Starting detection for image: /app/uploads/pf_50.jpg
2025-07-13 20:41:14,289 - INFO - app.detection.model - Detection completed for /app/uploads/pf_50.jpg: 0 parasites, 1 WBCs, ratio: 0.0
2025-07-13 20:41:14,289 - INFO - app.detection.analysis - Processing image 5/10: /app/uploads/pf_51.jpg
2025-07-13 20:41:14,289 - INFO - app.detection.model - Starting detection for image: /app/uploads/pf_51.jpg
2025-07-13 20:41:14,841 - INFO - app.detection.model - Detection completed for /app/uploads/pf_51.jpg: 0 parasites, 0 WBCs, ratio: 0.0
2025-07-13 20:41:14,842 - INFO - app.detection.analysis - Processing image 6/10: /app/uploads/pf_51.jpg
2025-07-13 20:41:14,842 - INFO - app.detection.model - Starting detection for image: /app/uploads/pf_51.jpg
2025-07-13 20:41:15,169 - INFO - app.detection.model - Detection completed for /app/uploads/pf_51.jpg: 0 parasites, 0 WBCs, ratio: 0.0
2025-07-13 20:41:15,169 - INFO - app.detection.analysis - Processing image 7/10: /app/uploads/pf_52.jpg
2025-07-13 20:41:15,170 - INFO - app.detection.model - Starting detection for image: /app/uploads/pf_52.jpg
2025-07-13 20:41:15,477 - INFO - app.detection.model - Detection completed for /app/uploads/pf_52.jpg: 0 parasites, 0 WBCs, ratio: 0.0
2025-07-13 20:41:15,478 - INFO - app.detection.analysis - Processing image 8/10: /app/uploads/pf_53.jpg
2025-07-13 20:41:15,478 - INFO - app.detection.model - Starting detection for image: /app/uploads/pf_53.jpg
2025-07-13 20:41:15,807 - INFO - app.detection.model - Detection completed for /app/uploads/pf_53.jpg: 0 parasites, 1 WBCs, ratio: 0.0
2025-07-13 20:41:15,808 - INFO - app.detection.analysis - Processing image 9/10: /app/uploads/pf_57.jpg
2025-07-13 20:41:15,808 - INFO - app.detection.model - Starting detection for image: /app/uploads/pf_57.jpg
2025-07-13 20:41:16,120 - INFO - app.detection.model - Detection completed for /app/uploads/pf_57.jpg: 0 parasites, 1 WBCs, ratio: 0.0
2025-07-13 20:41:16,121 - INFO - app.detection.analysis - Processing image 10/10: /app/uploads/pf_58.jpg
2025-07-13 20:41:16,121 - INFO - app.detection.model - Starting detection for image: /app/uploads/pf_58.jpg
2025-07-13 20:41:16,420 - INFO - app.detection.model - Detection completed for /app/uploads/pf_58.jpg: 0 parasites, 0 WBCs, ratio: 0.0
2025-07-13 20:41:16,420 - INFO - app.detection.analysis - Analysis completed: Status=POSITIVE, Total Parasites=3, Total WBCs=8, Ratio=0.375
2025-07-13 20:41:16,420 - INFO - app.detection.analysis - Analysis summary: 10/10 images successfully processed
2025-07-13 20:41:16,421 - INFO - app.routes - Diagnosis completed successfully: Status=POSITIVE, Images processed=10
2025-07-13 20:41:16,427 - INFO - werkzeug - 192.168.65.1 - - [13/Jul/2025 20:41:16] "POST /diagnose HTTP/1.1" 200 -
2025-07-13 20:46:28,761 - INFO - root - Logging configuration completed
2025-07-13 20:46:28,903 - INFO - app.detection.model - Successfully loaded YOLO model from app/models/malaria_yolov10.pt
2025-07-13 20:46:28,904 - INFO - app - Flask application initialized successfully
2025-07-13 20:46:28,909 - INFO - werkzeug - [31m[1mWARNING: This is a development server. Do not use it in a production deployment. Use a production WSGI server instead.[0m
 * Running on all addresses (0.0.0.0)
 * Running on http://127.0.0.1:5000
 * Running on http://172.24.0.5:5000
2025-07-13 20:46:28,909 - INFO - werkzeug - [33mPress CTRL+C to quit[0m
2025-07-13 20:47:55,651 - INFO - app.routes - Received diagnosis request with 10 image paths
2025-07-13 20:47:55,654 - INFO - app.detection.analysis - Starting analysis for 10 images
2025-07-13 20:47:55,654 - INFO - app.detection.analysis - Processing image 1/10: /app/uploads/pf_6.jpg
2025-07-13 20:47:55,655 - INFO - app.detection.model - Starting detection for image: /app/uploads/pf_6.jpg
2025-07-13 20:47:57,927 - INFO - app.detection.model - Detection completed for /app/uploads/pf_6.jpg: 2 parasites, 1 WBCs, ratio: 2.0
2025-07-13 20:47:57,928 - INFO - app.detection.analysis - Processing image 2/10: /app/uploads/pf_7.jpg
2025-07-13 20:47:57,928 - INFO - app.detection.model - Starting detection for image: /app/uploads/pf_7.jpg
2025-07-13 20:47:58,388 - INFO - app.detection.model - Detection completed for /app/uploads/pf_7.jpg: 1 parasites, 4 WBCs, ratio: 0.25
2025-07-13 20:47:58,388 - INFO - app.detection.analysis - Processing image 3/10: /app/uploads/pf_9.jpg
2025-07-13 20:47:58,389 - INFO - app.detection.model - Starting detection for image: /app/uploads/pf_9.jpg
2025-07-13 20:47:58,787 - INFO - app.detection.model - Detection completed for /app/uploads/pf_9.jpg: 0 parasites, 0 WBCs, ratio: 0.0
2025-07-13 20:47:58,787 - INFO - app.detection.analysis - Processing image 4/10: /app/uploads/pf_50.jpg
2025-07-13 20:47:58,788 - INFO - app.detection.model - Starting detection for image: /app/uploads/pf_50.jpg
2025-07-13 20:47:59,141 - INFO - app.detection.model - Detection completed for /app/uploads/pf_50.jpg: 0 parasites, 1 WBCs, ratio: 0.0
2025-07-13 20:47:59,142 - INFO - app.detection.analysis - Processing image 5/10: /app/uploads/pf_51.jpg
2025-07-13 20:47:59,142 - INFO - app.detection.model - Starting detection for image: /app/uploads/pf_51.jpg
2025-07-13 20:47:59,485 - INFO - app.detection.model - Detection completed for /app/uploads/pf_51.jpg: 0 parasites, 0 WBCs, ratio: 0.0
2025-07-13 20:47:59,486 - INFO - app.detection.analysis - Processing image 6/10: /app/uploads/pf_51.jpg
2025-07-13 20:47:59,486 - INFO - app.detection.model - Starting detection for image: /app/uploads/pf_51.jpg
2025-07-13 20:48:00,127 - INFO - app.detection.model - Detection completed for /app/uploads/pf_51.jpg: 0 parasites, 0 WBCs, ratio: 0.0
2025-07-13 20:48:00,127 - INFO - app.detection.analysis - Processing image 7/10: /app/uploads/pf_52.jpg
2025-07-13 20:48:00,127 - INFO - app.detection.model - Starting detection for image: /app/uploads/pf_52.jpg
2025-07-13 20:48:00,608 - INFO - app.detection.model - Detection completed for /app/uploads/pf_52.jpg: 0 parasites, 0 WBCs, ratio: 0.0
2025-07-13 20:48:00,608 - INFO - app.detection.analysis - Processing image 8/10: /app/uploads/pf_53.jpg
2025-07-13 20:48:00,609 - INFO - app.detection.model - Starting detection for image: /app/uploads/pf_53.jpg
2025-07-13 20:48:01,016 - INFO - app.detection.model - Detection completed for /app/uploads/pf_53.jpg: 0 parasites, 1 WBCs, ratio: 0.0
2025-07-13 20:48:01,016 - INFO - app.detection.analysis - Processing image 9/10: /app/uploads/pf_57.jpg
2025-07-13 20:48:01,017 - INFO - app.detection.model - Starting detection for image: /app/uploads/pf_57.jpg
2025-07-13 20:48:01,397 - INFO - app.detection.model - Detection completed for /app/uploads/pf_57.jpg: 0 parasites, 1 WBCs, ratio: 0.0
2025-07-13 20:48:01,397 - INFO - app.detection.analysis - Processing image 10/10: /app/uploads/pf_58.jpg
2025-07-13 20:48:01,397 - INFO - app.detection.model - Starting detection for image: /app/uploads/pf_58.jpg
2025-07-13 20:48:01,849 - INFO - app.detection.model - Detection completed for /app/uploads/pf_58.jpg: 0 parasites, 0 WBCs, ratio: 0.0
2025-07-13 20:48:01,849 - INFO - app.detection.analysis - Analysis completed: Status=POSITIVE, Total Parasites=3, Total WBCs=8, Ratio=0.375
2025-07-13 20:48:01,849 - INFO - app.detection.analysis - Analysis summary: 10/10 images successfully processed
2025-07-13 20:48:01,849 - INFO - app.routes - Diagnosis completed successfully: Status=POSITIVE, Images processed=10
2025-07-13 20:48:01,857 - INFO - werkzeug - 192.168.65.1 - - [13/Jul/2025 20:48:01] "POST /diagnose HTTP/1.1" 200 -
2025-07-13 21:03:10,681 - INFO - root - Logging configuration completed
2025-07-13 21:03:10,884 - INFO - app.detection.model - Successfully loaded YOLO model from app/models/malaria_yolov10.pt
2025-07-13 21:03:10,886 - INFO - app - Flask application initialized successfully
2025-07-13 21:03:10,893 - INFO - werkzeug - [31m[1mWARNING: This is a development server. Do not use it in a production deployment. Use a production WSGI server instead.[0m
 * Running on all addresses (0.0.0.0)
 * Running on http://127.0.0.1:5000
 * Running on http://172.24.0.5:5000
2025-07-13 21:03:10,894 - INFO - werkzeug - [33mPress CTRL+C to quit[0m
2025-07-13 21:10:29,837 - INFO - app.routes - Received diagnosis request with 10 image paths
2025-07-13 21:10:29,841 - INFO - app.detection.analysis - Starting analysis for 10 images
2025-07-13 21:10:29,841 - INFO - app.detection.analysis - Processing image 1/10: /app/uploads/pf_6.jpg
2025-07-13 21:10:29,846 - INFO - app.detection.model - Starting detection for image: /app/uploads/pf_6.jpg
2025-07-13 21:10:31,759 - INFO - app.detection.model - Detection completed for /app/uploads/pf_6.jpg: 2 parasites, Most Probable Parasite=PF (Confidence: 0.31), 1 WBCs, ratio: 2.00
2025-07-13 21:10:31,759 - INFO - app.detection.analysis - Processing image 2/10: /app/uploads/pf_7.jpg
2025-07-13 21:10:31,760 - INFO - app.detection.model - Starting detection for image: /app/uploads/pf_7.jpg
2025-07-13 21:10:32,089 - INFO - app.detection.model - Detection completed for /app/uploads/pf_7.jpg: 1 parasites, Most Probable Parasite=PF (Confidence: 0.33), 4 WBCs, ratio: 0.25
2025-07-13 21:10:32,089 - INFO - app.detection.analysis - Processing image 3/10: /app/uploads/pf_9.jpg
2025-07-13 21:10:32,089 - INFO - app.detection.model - Starting detection for image: /app/uploads/pf_9.jpg
2025-07-13 21:10:32,422 - INFO - app.detection.model - Detection completed for /app/uploads/pf_9.jpg: No parasites detected, 0 WBCs
2025-07-13 21:10:32,422 - INFO - app.detection.analysis - Processing image 4/10: /app/uploads/pf_50.jpg
2025-07-13 21:10:32,423 - INFO - app.detection.model - Starting detection for image: /app/uploads/pf_50.jpg
2025-07-13 21:10:32,746 - INFO - app.detection.model - Detection completed for /app/uploads/pf_50.jpg: No parasites detected, 1 WBCs
2025-07-13 21:10:32,746 - INFO - app.detection.analysis - Processing image 5/10: /app/uploads/pf_51.jpg
2025-07-13 21:10:32,746 - INFO - app.detection.model - Starting detection for image: /app/uploads/pf_51.jpg
2025-07-13 21:10:33,109 - INFO - app.detection.model - Detection completed for /app/uploads/pf_51.jpg: No parasites detected, 0 WBCs
2025-07-13 21:10:33,109 - INFO - app.detection.analysis - Processing image 6/10: /app/uploads/pf_51.jpg
2025-07-13 21:10:33,109 - INFO - app.detection.model - Starting detection for image: /app/uploads/pf_51.jpg
2025-07-13 21:10:33,421 - INFO - app.detection.model - Detection completed for /app/uploads/pf_51.jpg: No parasites detected, 0 WBCs
2025-07-13 21:10:33,422 - INFO - app.detection.analysis - Processing image 7/10: /app/uploads/pf_52.jpg
2025-07-13 21:10:33,422 - INFO - app.detection.model - Starting detection for image: /app/uploads/pf_52.jpg
2025-07-13 21:10:33,720 - INFO - app.detection.model - Detection completed for /app/uploads/pf_52.jpg: No parasites detected, 0 WBCs
2025-07-13 21:10:33,720 - INFO - app.detection.analysis - Processing image 8/10: /app/uploads/pf_53.jpg
2025-07-13 21:10:33,720 - INFO - app.detection.model - Starting detection for image: /app/uploads/pf_53.jpg
2025-07-13 21:10:34,026 - INFO - app.detection.model - Detection completed for /app/uploads/pf_53.jpg: No parasites detected, 1 WBCs
2025-07-13 21:10:34,027 - INFO - app.detection.analysis - Processing image 9/10: /app/uploads/pf_57.jpg
2025-07-13 21:10:34,027 - INFO - app.detection.model - Starting detection for image: /app/uploads/pf_57.jpg
2025-07-13 21:10:34,345 - INFO - app.detection.model - Detection completed for /app/uploads/pf_57.jpg: No parasites detected, 1 WBCs
2025-07-13 21:10:34,346 - INFO - app.detection.analysis - Processing image 10/10: /app/uploads/pf_58.jpg
2025-07-13 21:10:34,346 - INFO - app.detection.model - Starting detection for image: /app/uploads/pf_58.jpg
2025-07-13 21:10:34,657 - INFO - app.detection.model - Detection completed for /app/uploads/pf_58.jpg: No parasites detected, 0 WBCs
2025-07-13 21:10:34,657 - INFO - app.detection.analysis - Analysis completed: Status=POSITIVE, Total Parasites=3, Most Probable Parasite=PF (Confidence: 0.33), Total WBCs=8, Ratio=0.38
2025-07-13 21:10:34,657 - INFO - app.detection.analysis - Analysis summary: 10/10 images successfully processed
2025-07-13 21:10:34,657 - ERROR - app.routes - Unexpected error in diagnose endpoint: 'total_images_processed'
2025-07-13 21:10:34,659 - INFO - werkzeug - 192.168.65.1 - - [13/Jul/2025 21:10:34] "[35m[1mPOST /diagnose HTTP/1.1[0m" 500 -
2025-07-13 21:14:54,825 - INFO - root - Logging configuration completed
2025-07-13 21:14:55,064 - INFO - app.detection.model - Successfully loaded YOLO model from app/models/malaria_yolov10.pt
2025-07-13 21:14:55,066 - INFO - app - Flask application initialized successfully
2025-07-13 21:14:55,073 - INFO - werkzeug - [31m[1mWARNING: This is a development server. Do not use it in a production deployment. Use a production WSGI server instead.[0m
 * Running on all addresses (0.0.0.0)
 * Running on http://127.0.0.1:5000
 * Running on http://172.24.0.5:5000
2025-07-13 21:14:55,073 - INFO - werkzeug - [33mPress CTRL+C to quit[0m
2025-07-13 21:15:00,327 - INFO - app.routes - Received diagnosis request with 10 image paths
2025-07-13 21:15:00,329 - INFO - app.detection.analysis - Starting analysis for 10 images
2025-07-13 21:15:00,329 - INFO - app.detection.analysis - Processing image 1/10: /app/uploads/pf_6.jpg
2025-07-13 21:15:00,329 - INFO - app.detection.model - Starting detection for image: /app/uploads/pf_6.jpg
2025-07-13 21:15:02,186 - INFO - app.detection.model - Detection completed for /app/uploads/pf_6.jpg: 2 parasites, Most Probable Parasite=PF (Confidence: 0.31), 1 WBCs, ratio: 2.00
2025-07-13 21:15:02,186 - INFO - app.detection.analysis - Processing image 2/10: /app/uploads/pf_7.jpg
2025-07-13 21:15:02,186 - INFO - app.detection.model - Starting detection for image: /app/uploads/pf_7.jpg
2025-07-13 21:15:02,608 - INFO - app.detection.model - Detection completed for /app/uploads/pf_7.jpg: 1 parasites, Most Probable Parasite=PF (Confidence: 0.33), 4 WBCs, ratio: 0.25
2025-07-13 21:15:02,608 - INFO - app.detection.analysis - Processing image 3/10: /app/uploads/pf_9.jpg
2025-07-13 21:15:02,608 - INFO - app.detection.model - Starting detection for image: /app/uploads/pf_9.jpg
2025-07-13 21:15:03,009 - INFO - app.detection.model - Detection completed for /app/uploads/pf_9.jpg: No parasites detected, 0 WBCs
2025-07-13 21:15:03,010 - INFO - app.detection.analysis - Processing image 4/10: /app/uploads/pf_50.jpg
2025-07-13 21:15:03,010 - INFO - app.detection.model - Starting detection for image: /app/uploads/pf_50.jpg
2025-07-13 21:15:03,339 - INFO - app.detection.model - Detection completed for /app/uploads/pf_50.jpg: No parasites detected, 1 WBCs
2025-07-13 21:15:03,340 - INFO - app.detection.analysis - Processing image 5/10: /app/uploads/pf_51.jpg
2025-07-13 21:15:03,340 - INFO - app.detection.model - Starting detection for image: /app/uploads/pf_51.jpg
2025-07-13 21:15:03,682 - INFO - app.detection.model - Detection completed for /app/uploads/pf_51.jpg: No parasites detected, 0 WBCs
2025-07-13 21:15:03,682 - INFO - app.detection.analysis - Processing image 6/10: /app/uploads/pf_51.jpg
2025-07-13 21:15:03,682 - INFO - app.detection.model - Starting detection for image: /app/uploads/pf_51.jpg
2025-07-13 21:15:04,021 - INFO - app.detection.model - Detection completed for /app/uploads/pf_51.jpg: No parasites detected, 0 WBCs
2025-07-13 21:15:04,021 - INFO - app.detection.analysis - Processing image 7/10: /app/uploads/pf_52.jpg
2025-07-13 21:15:04,021 - INFO - app.detection.model - Starting detection for image: /app/uploads/pf_52.jpg
2025-07-13 21:15:04,375 - INFO - app.detection.model - Detection completed for /app/uploads/pf_52.jpg: No parasites detected, 0 WBCs
2025-07-13 21:15:04,376 - INFO - app.detection.analysis - Processing image 8/10: /app/uploads/pf_53.jpg
2025-07-13 21:15:04,376 - INFO - app.detection.model - Starting detection for image: /app/uploads/pf_53.jpg
2025-07-13 21:15:04,709 - INFO - app.detection.model - Detection completed for /app/uploads/pf_53.jpg: No parasites detected, 1 WBCs
2025-07-13 21:15:04,709 - INFO - app.detection.analysis - Processing image 9/10: /app/uploads/pf_57.jpg
2025-07-13 21:15:04,709 - INFO - app.detection.model - Starting detection for image: /app/uploads/pf_57.jpg
2025-07-13 21:15:05,013 - INFO - app.detection.model - Detection completed for /app/uploads/pf_57.jpg: No parasites detected, 1 WBCs
2025-07-13 21:15:05,013 - INFO - app.detection.analysis - Processing image 10/10: /app/uploads/pf_58.jpg
2025-07-13 21:15:05,013 - INFO - app.detection.model - Starting detection for image: /app/uploads/pf_58.jpg
2025-07-13 21:15:05,454 - INFO - app.detection.model - Detection completed for /app/uploads/pf_58.jpg: No parasites detected, 0 WBCs
2025-07-13 21:15:05,455 - INFO - app.detection.analysis - Analysis completed: Status=POSITIVE, Total Parasites=3, Most Probable Parasite=PF (Confidence: 0.33), Total WBCs=8, Ratio=0.38
2025-07-13 21:15:05,455 - INFO - app.detection.analysis - Analysis summary: 10/10 images successfully processed
2025-07-13 21:15:05,455 - ERROR - app.routes - Unexpected error in diagnose endpoint: 'total_images_processed'
2025-07-13 21:15:05,460 - INFO - werkzeug - 192.168.65.1 - - [13/Jul/2025 21:15:05] "[35m[1mPOST /diagnose HTTP/1.1[0m" 500 -
2025-07-13 21:15:57,539 - INFO - app.routes - Received diagnosis request with 10 image paths
2025-07-13 21:15:57,546 - INFO - app.detection.analysis - Starting analysis for 10 images
2025-07-13 21:15:57,546 - INFO - app.detection.analysis - Processing image 1/10: /app/uploads/pm_260.jpg
2025-07-13 21:15:57,548 - INFO - app.detection.model - Starting detection for image: /app/uploads/pm_260.jpg
2025-07-13 21:15:58,104 - INFO - app.detection.model - Detection completed for /app/uploads/pm_260.jpg: 2 parasites, Most Probable Parasite=PM (Confidence: 0.75), 3 WBCs, ratio: 0.67
2025-07-13 21:15:58,106 - INFO - app.detection.analysis - Processing image 2/10: /app/uploads/pm_261.jpg
2025-07-13 21:15:58,114 - INFO - app.detection.model - Starting detection for image: /app/uploads/pm_261.jpg
2025-07-13 21:15:58,594 - INFO - app.detection.model - Detection completed for /app/uploads/pm_261.jpg: 1 parasites, Most Probable Parasite=PM (Confidence: 0.76), 1 WBCs, ratio: 1.00
2025-07-13 21:15:58,595 - INFO - app.detection.analysis - Processing image 3/10: /app/uploads/pm_262.jpg
2025-07-13 21:15:58,596 - INFO - app.detection.model - Starting detection for image: /app/uploads/pm_262.jpg
2025-07-13 21:15:59,114 - INFO - app.detection.model - Detection completed for /app/uploads/pm_262.jpg: 1 parasites, Most Probable Parasite=PM (Confidence: 0.78), 1 WBCs, ratio: 1.00
2025-07-13 21:15:59,118 - INFO - app.detection.analysis - Processing image 4/10: /app/uploads/pm_263.jpg
2025-07-13 21:15:59,120 - INFO - app.detection.model - Starting detection for image: /app/uploads/pm_263.jpg
2025-07-13 21:15:59,474 - INFO - app.detection.model - Detection completed for /app/uploads/pm_263.jpg: 1 parasites, Most Probable Parasite=PM (Confidence: 0.79), 1 WBCs, ratio: 1.00
2025-07-13 21:15:59,474 - INFO - app.detection.analysis - Processing image 5/10: /app/uploads/pm_264.jpg
2025-07-13 21:15:59,476 - INFO - app.detection.model - Starting detection for image: /app/uploads/pm_264.jpg
2025-07-13 21:15:59,774 - INFO - app.detection.model - Detection completed for /app/uploads/pm_264.jpg: 4 parasites, Most Probable Parasite=PM (Confidence: 0.71), 0 WBCs, ratio: 0.00
2025-07-13 21:15:59,775 - INFO - app.detection.analysis - Processing image 6/10: /app/uploads/pm_265.jpg
2025-07-13 21:15:59,776 - INFO - app.detection.model - Starting detection for image: /app/uploads/pm_265.jpg
2025-07-13 21:16:00,069 - INFO - app.detection.model - Detection completed for /app/uploads/pm_265.jpg: No parasites detected, 0 WBCs
2025-07-13 21:16:00,069 - INFO - app.detection.analysis - Processing image 7/10: /app/uploads/pm_266.jpg
2025-07-13 21:16:00,072 - INFO - app.detection.model - Starting detection for image: /app/uploads/pm_266.jpg
2025-07-13 21:16:00,401 - INFO - app.detection.model - Detection completed for /app/uploads/pm_266.jpg: 2 parasites, Most Probable Parasite=PM (Confidence: 0.43), 0 WBCs, ratio: 0.00
2025-07-13 21:16:00,402 - INFO - app.detection.analysis - Processing image 8/10: /app/uploads/pm_267.jpg
2025-07-13 21:16:00,404 - INFO - app.detection.model - Starting detection for image: /app/uploads/pm_267.jpg
2025-07-13 21:16:00,672 - INFO - app.detection.model - Detection completed for /app/uploads/pm_267.jpg: No parasites detected, 0 WBCs
2025-07-13 21:16:00,672 - INFO - app.detection.analysis - Processing image 9/10: /app/uploads/pm_268.jpg
2025-07-13 21:16:00,676 - INFO - app.detection.model - Starting detection for image: /app/uploads/pm_268.jpg
2025-07-13 21:16:00,982 - INFO - app.detection.model - Detection completed for /app/uploads/pm_268.jpg: 1 parasites, Most Probable Parasite=PM (Confidence: 0.86), 0 WBCs, ratio: 0.00
2025-07-13 21:16:00,983 - INFO - app.detection.analysis - Processing image 10/10: /app/uploads/pm_269.jpg
2025-07-13 21:16:00,984 - INFO - app.detection.model - Starting detection for image: /app/uploads/pm_269.jpg
2025-07-13 21:16:01,276 - INFO - app.detection.model - Detection completed for /app/uploads/pm_269.jpg: No parasites detected, 0 WBCs
2025-07-13 21:16:01,277 - INFO - app.detection.analysis - Analysis completed: Status=POSITIVE, Total Parasites=12, Most Probable Parasite=PM (Confidence: 0.86), Total WBCs=6, Ratio=2.00
2025-07-13 21:16:01,277 - INFO - app.detection.analysis - Analysis summary: 10/10 images successfully processed
2025-07-13 21:16:01,277 - ERROR - app.routes - Unexpected error in diagnose endpoint: 'total_images_processed'
2025-07-13 21:16:01,279 - INFO - werkzeug - 192.168.65.1 - - [13/Jul/2025 21:16:01] "[35m[1mPOST /diagnose HTTP/1.1[0m" 500 -
2025-07-13 21:19:59,168 - INFO - app.routes - Received diagnosis request with 10 image paths
2025-07-13 21:19:59,170 - INFO - app.detection.analysis - Starting analysis for 10 images
2025-07-13 21:19:59,171 - INFO - app.detection.analysis - Processing image 1/10: /app/uploads/pm_260.jpg
2025-07-13 21:19:59,171 - INFO - app.detection.model - Starting detection for image: /app/uploads/pm_260.jpg
2025-07-13 21:19:59,735 - INFO - app.detection.model - Detection completed for /app/uploads/pm_260.jpg: 2 parasites, Most Probable Parasite=PM (Confidence: 0.75), 3 WBCs, ratio: 0.67
2025-07-13 21:19:59,736 - INFO - app.detection.analysis - Processing image 2/10: /app/uploads/pm_261.jpg
2025-07-13 21:19:59,736 - INFO - app.detection.model - Starting detection for image: /app/uploads/pm_261.jpg
2025-07-13 21:20:00,160 - INFO - app.detection.model - Detection completed for /app/uploads/pm_261.jpg: 1 parasites, Most Probable Parasite=PM (Confidence: 0.76), 1 WBCs, ratio: 1.00
2025-07-13 21:20:00,191 - INFO - app.detection.analysis - Processing image 3/10: /app/uploads/pm_262.jpg
2025-07-13 21:20:00,191 - INFO - app.detection.model - Starting detection for image: /app/uploads/pm_262.jpg
2025-07-13 21:20:00,612 - INFO - app.detection.model - Detection completed for /app/uploads/pm_262.jpg: 1 parasites, Most Probable Parasite=PM (Confidence: 0.78), 1 WBCs, ratio: 1.00
2025-07-13 21:20:00,629 - INFO - app.detection.analysis - Processing image 4/10: /app/uploads/pm_263.jpg
2025-07-13 21:20:00,630 - INFO - app.detection.model - Starting detection for image: /app/uploads/pm_263.jpg
2025-07-13 21:20:00,994 - INFO - app.detection.model - Detection completed for /app/uploads/pm_263.jpg: 1 parasites, Most Probable Parasite=PM (Confidence: 0.79), 1 WBCs, ratio: 1.00
2025-07-13 21:20:01,000 - INFO - app.detection.analysis - Processing image 5/10: /app/uploads/pm_264.jpg
2025-07-13 21:20:01,001 - INFO - app.detection.model - Starting detection for image: /app/uploads/pm_264.jpg
2025-07-13 21:20:01,354 - INFO - app.detection.model - Detection completed for /app/uploads/pm_264.jpg: 4 parasites, Most Probable Parasite=PM (Confidence: 0.71), 0 WBCs, ratio: 0.00
2025-07-13 21:20:01,366 - INFO - app.detection.analysis - Processing image 6/10: /app/uploads/pm_265.jpg
2025-07-13 21:20:01,367 - INFO - app.detection.model - Starting detection for image: /app/uploads/pm_265.jpg
2025-07-13 21:20:01,725 - INFO - app.detection.model - Detection completed for /app/uploads/pm_265.jpg: No parasites detected, 0 WBCs
2025-07-13 21:20:01,726 - INFO - app.detection.analysis - Processing image 7/10: /app/uploads/pm_266.jpg
2025-07-13 21:20:01,726 - INFO - app.detection.model - Starting detection for image: /app/uploads/pm_266.jpg
2025-07-13 21:20:02,118 - INFO - app.detection.model - Detection completed for /app/uploads/pm_266.jpg: 2 parasites, Most Probable Parasite=PM (Confidence: 0.43), 0 WBCs, ratio: 0.00
2025-07-13 21:20:02,145 - INFO - app.detection.analysis - Processing image 8/10: /app/uploads/pm_267.jpg
2025-07-13 21:20:02,146 - INFO - app.detection.model - Starting detection for image: /app/uploads/pm_267.jpg
2025-07-13 21:20:02,555 - INFO - app.detection.model - Detection completed for /app/uploads/pm_267.jpg: No parasites detected, 0 WBCs
2025-07-13 21:20:02,564 - INFO - app.detection.analysis - Processing image 9/10: /app/uploads/pm_268.jpg
2025-07-13 21:20:02,568 - INFO - app.detection.model - Starting detection for image: /app/uploads/pm_268.jpg
2025-07-13 21:20:02,905 - INFO - app.detection.model - Detection completed for /app/uploads/pm_268.jpg: 1 parasites, Most Probable Parasite=PM (Confidence: 0.86), 0 WBCs, ratio: 0.00
2025-07-13 21:20:02,905 - INFO - app.detection.analysis - Processing image 10/10: /app/uploads/pm_269.jpg
2025-07-13 21:20:02,905 - INFO - app.detection.model - Starting detection for image: /app/uploads/pm_269.jpg
2025-07-13 21:20:03,164 - INFO - app.detection.model - Detection completed for /app/uploads/pm_269.jpg: No parasites detected, 0 WBCs
2025-07-13 21:20:03,164 - INFO - app.detection.analysis - Analysis completed: Status=POSITIVE, Total Parasites=12, Most Probable Parasite=PM (Confidence: 0.86), Total WBCs=6, Ratio=2.00
2025-07-13 21:20:03,164 - INFO - app.detection.analysis - Analysis summary: 10/10 images successfully processed
2025-07-13 21:20:03,164 - ERROR - app.routes - Unexpected error in diagnose endpoint: 'total_images_processed'
2025-07-13 21:20:03,169 - INFO - werkzeug - 192.168.65.1 - - [13/Jul/2025 21:20:03] "[35m[1mPOST /diagnose HTTP/1.1[0m" 500 -
2025-07-13 21:22:05,868 - INFO - root - Logging configuration completed
2025-07-13 21:22:06,018 - INFO - app.detection.model - Successfully loaded YOLO model from app/models/malaria_yolov10.pt
2025-07-13 21:22:06,019 - INFO - app - Flask application initialized successfully
2025-07-13 21:22:06,023 - INFO - werkzeug - [31m[1mWARNING: This is a development server. Do not use it in a production deployment. Use a production WSGI server instead.[0m
 * Running on all addresses (0.0.0.0)
 * Running on http://127.0.0.1:5000
 * Running on http://172.24.0.5:5000
2025-07-13 21:22:06,023 - INFO - werkzeug - [33mPress CTRL+C to quit[0m
2025-07-13 21:22:08,997 - INFO - app.routes - Received diagnosis request with 10 image paths
2025-07-13 21:22:08,998 - INFO - app.detection.analysis - Starting analysis for 10 images
2025-07-13 21:22:08,998 - INFO - app.detection.analysis - Processing image 1/10: /app/uploads/pm_260.jpg
2025-07-13 21:22:08,999 - INFO - app.detection.model - Starting detection for image: /app/uploads/pm_260.jpg
2025-07-13 21:22:10,483 - INFO - app.detection.model - Detection completed for /app/uploads/pm_260.jpg: 2 parasites, Most Probable Parasite=PM (Confidence: 0.75), 3 WBCs, ratio: 0.67
2025-07-13 21:22:10,483 - INFO - app.detection.analysis - Processing image 2/10: /app/uploads/pm_261.jpg
2025-07-13 21:22:10,484 - INFO - app.detection.model - Starting detection for image: /app/uploads/pm_261.jpg
2025-07-13 21:22:10,742 - INFO - app.detection.model - Detection completed for /app/uploads/pm_261.jpg: 1 parasites, Most Probable Parasite=PM (Confidence: 0.76), 1 WBCs, ratio: 1.00
2025-07-13 21:22:10,743 - INFO - app.detection.analysis - Processing image 3/10: /app/uploads/pm_262.jpg
2025-07-13 21:22:10,743 - INFO - app.detection.model - Starting detection for image: /app/uploads/pm_262.jpg
2025-07-13 21:22:11,002 - INFO - app.detection.model - Detection completed for /app/uploads/pm_262.jpg: 1 parasites, Most Probable Parasite=PM (Confidence: 0.78), 1 WBCs, ratio: 1.00
2025-07-13 21:22:11,003 - INFO - app.detection.analysis - Processing image 4/10: /app/uploads/pm_263.jpg
2025-07-13 21:22:11,003 - INFO - app.detection.model - Starting detection for image: /app/uploads/pm_263.jpg
2025-07-13 21:22:11,254 - INFO - app.detection.model - Detection completed for /app/uploads/pm_263.jpg: 1 parasites, Most Probable Parasite=PM (Confidence: 0.79), 1 WBCs, ratio: 1.00
2025-07-13 21:22:11,255 - INFO - app.detection.analysis - Processing image 5/10: /app/uploads/pm_264.jpg
2025-07-13 21:22:11,255 - INFO - app.detection.model - Starting detection for image: /app/uploads/pm_264.jpg
2025-07-13 21:22:11,512 - INFO - app.detection.model - Detection completed for /app/uploads/pm_264.jpg: 4 parasites, Most Probable Parasite=PM (Confidence: 0.71), 0 WBCs, ratio: 0.00
2025-07-13 21:22:11,512 - INFO - app.detection.analysis - Processing image 6/10: /app/uploads/pm_265.jpg
2025-07-13 21:22:11,513 - INFO - app.detection.model - Starting detection for image: /app/uploads/pm_265.jpg
2025-07-13 21:22:11,756 - INFO - app.detection.model - Detection completed for /app/uploads/pm_265.jpg: No parasites detected, 0 WBCs
2025-07-13 21:22:11,756 - INFO - app.detection.analysis - Processing image 7/10: /app/uploads/pm_266.jpg
2025-07-13 21:22:11,757 - INFO - app.detection.model - Starting detection for image: /app/uploads/pm_266.jpg
2025-07-13 21:22:12,017 - INFO - app.detection.model - Detection completed for /app/uploads/pm_266.jpg: 2 parasites, Most Probable Parasite=PM (Confidence: 0.43), 0 WBCs, ratio: 0.00
2025-07-13 21:22:12,017 - INFO - app.detection.analysis - Processing image 8/10: /app/uploads/pm_267.jpg
2025-07-13 21:22:12,017 - INFO - app.detection.model - Starting detection for image: /app/uploads/pm_267.jpg
2025-07-13 21:22:12,274 - INFO - app.detection.model - Detection completed for /app/uploads/pm_267.jpg: No parasites detected, 0 WBCs
2025-07-13 21:22:12,274 - INFO - app.detection.analysis - Processing image 9/10: /app/uploads/pm_268.jpg
2025-07-13 21:22:12,275 - INFO - app.detection.model - Starting detection for image: /app/uploads/pm_268.jpg
2025-07-13 21:22:12,556 - INFO - app.detection.model - Detection completed for /app/uploads/pm_268.jpg: 1 parasites, Most Probable Parasite=PM (Confidence: 0.86), 0 WBCs, ratio: 0.00
2025-07-13 21:22:12,557 - INFO - app.detection.analysis - Processing image 10/10: /app/uploads/pm_269.jpg
2025-07-13 21:22:12,557 - INFO - app.detection.model - Starting detection for image: /app/uploads/pm_269.jpg
2025-07-13 21:22:12,926 - INFO - app.detection.model - Detection completed for /app/uploads/pm_269.jpg: No parasites detected, 0 WBCs
2025-07-13 21:22:12,926 - INFO - app.detection.analysis - Analysis completed: Status=POSITIVE, Total Parasites=12, Most Probable Parasite=PM (Confidence: 0.86), Total WBCs=6, Ratio=2.00
2025-07-13 21:22:12,927 - INFO - app.detection.analysis - Analysis summary: 10/10 images successfully processed
2025-07-13 21:22:12,927 - INFO - app.routes - Diagnosis completed successfully: Status=POSITIVE
2025-07-13 21:22:12,929 - INFO - werkzeug - 192.168.65.1 - - [13/Jul/2025 21:22:12] "POST /diagnose HTTP/1.1" 200 -
2025-07-13 21:35:38,657 - INFO - root - Logging configuration completed
2025-07-13 21:35:38,840 - INFO - app.detection.model - Successfully loaded YOLO model from app/models/malaria_yolov10.pt
2025-07-13 21:35:38,841 - INFO - app - Flask application initialized successfully
2025-07-13 21:35:38,844 - INFO - werkzeug - [31m[1mWARNING: This is a development server. Do not use it in a production deployment. Use a production WSGI server instead.[0m
 * Running on all addresses (0.0.0.0)
 * Running on http://127.0.0.1:5000
 * Running on http://172.24.0.5:5000
2025-07-13 21:35:38,844 - INFO - werkzeug - [33mPress CTRL+C to quit[0m
2025-07-13 21:35:45,394 - INFO - app.routes - Received diagnosis request with 10 image paths
2025-07-13 21:35:45,396 - INFO - app.detection.analysis - Starting analysis for 10 images
2025-07-13 21:35:45,397 - INFO - app.detection.analysis - Processing image 1/10: /app/uploads/pm_260.jpg
2025-07-13 21:35:45,397 - INFO - app.detection.model - Starting detection for image: /app/uploads/pm_260.jpg
2025-07-13 21:35:46,979 - INFO - app.detection.analysis - Processing image 2/10: /app/uploads/pm_261.jpg
2025-07-13 21:35:46,979 - INFO - app.detection.model - Starting detection for image: /app/uploads/pm_261.jpg
2025-07-13 21:35:47,283 - INFO - app.detection.analysis - Processing image 3/10: /app/uploads/pm_262.jpg
2025-07-13 21:35:47,283 - INFO - app.detection.model - Starting detection for image: /app/uploads/pm_262.jpg
2025-07-13 21:35:47,591 - INFO - app.detection.analysis - Processing image 4/10: /app/uploads/pm_263.jpg
2025-07-13 21:35:47,592 - INFO - app.detection.model - Starting detection for image: /app/uploads/pm_263.jpg
2025-07-13 21:35:47,838 - INFO - app.detection.analysis - Processing image 5/10: /app/uploads/pm_264.jpg
2025-07-13 21:35:47,840 - INFO - app.detection.model - Starting detection for image: /app/uploads/pm_264.jpg
2025-07-13 21:35:48,140 - INFO - app.detection.analysis - Processing image 6/10: /app/uploads/pm_265.jpg
2025-07-13 21:35:48,141 - INFO - app.detection.model - Starting detection for image: /app/uploads/pm_265.jpg
2025-07-13 21:35:48,501 - INFO - app.detection.model - Detection completed for /app/uploads/pm_265.jpg: No parasites detected, 0 WBCs
2025-07-13 21:35:48,502 - INFO - app.detection.analysis - Processing image 7/10: /app/uploads/pm_266.jpg
2025-07-13 21:35:48,502 - INFO - app.detection.model - Starting detection for image: /app/uploads/pm_266.jpg
2025-07-13 21:35:48,957 - INFO - app.detection.analysis - Processing image 8/10: /app/uploads/pm_267.jpg
2025-07-13 21:35:48,958 - INFO - app.detection.model - Starting detection for image: /app/uploads/pm_267.jpg
2025-07-13 21:35:49,278 - INFO - app.detection.model - Detection completed for /app/uploads/pm_267.jpg: No parasites detected, 0 WBCs
2025-07-13 21:35:49,278 - INFO - app.detection.analysis - Processing image 9/10: /app/uploads/pm_268.jpg
2025-07-13 21:35:49,278 - INFO - app.detection.model - Starting detection for image: /app/uploads/pm_268.jpg
2025-07-13 21:35:49,535 - INFO - app.detection.analysis - Processing image 10/10: /app/uploads/pm_269.jpg
2025-07-13 21:35:49,536 - INFO - app.detection.model - Starting detection for image: /app/uploads/pm_269.jpg
2025-07-13 21:35:49,810 - INFO - app.detection.model - Detection completed for /app/uploads/pm_269.jpg: No parasites detected, 0 WBCs
2025-07-13 21:35:49,811 - INFO - app.detection.analysis - Analysis completed: Status=POSITIVE, Total Parasites=12, Most Probable Parasite=PM (Confidence: 0.86), Total WBCs=6, Ratio=2.00
2025-07-13 21:35:49,811 - INFO - app.detection.analysis - Analysis summary: 10/10 images successfully processed
2025-07-13 21:35:49,811 - INFO - app.routes - Diagnosis completed successfully: Status=POSITIVE
2025-07-13 21:35:49,814 - INFO - werkzeug - 192.168.65.1 - - [13/Jul/2025 21:35:49] "POST /diagnose HTTP/1.1" 200 -
2025-07-13 21:36:10,297 - INFO - app.routes - Received diagnosis request with 10 image paths
2025-07-13 21:36:10,300 - INFO - app.detection.analysis - Starting analysis for 10 images
2025-07-13 21:36:10,300 - INFO - app.detection.analysis - Processing image 1/10: /app/uploads/pf_6.jpg
2025-07-13 21:36:10,300 - INFO - app.detection.model - Starting detection for image: /app/uploads/pf_6.jpg
2025-07-13 21:36:10,747 - INFO - app.detection.analysis - Processing image 2/10: /app/uploads/pf_7.jpg
2025-07-13 21:36:10,748 - INFO - app.detection.model - Starting detection for image: /app/uploads/pf_7.jpg
2025-07-13 21:36:11,077 - INFO - app.detection.analysis - Processing image 3/10: /app/uploads/pf_9.jpg
2025-07-13 21:36:11,078 - INFO - app.detection.model - Starting detection for image: /app/uploads/pf_9.jpg
2025-07-13 21:36:11,412 - INFO - app.detection.model - Detection completed for /app/uploads/pf_9.jpg: No parasites detected, 0 WBCs
2025-07-13 21:36:11,413 - INFO - app.detection.analysis - Processing image 4/10: /app/uploads/pf_50.jpg
2025-07-13 21:36:11,414 - INFO - app.detection.model - Starting detection for image: /app/uploads/pf_50.jpg
2025-07-13 21:36:11,740 - INFO - app.detection.model - Detection completed for /app/uploads/pf_50.jpg: No parasites detected, 1 WBCs
2025-07-13 21:36:11,741 - INFO - app.detection.analysis - Processing image 5/10: /app/uploads/pf_51.jpg
2025-07-13 21:36:11,741 - INFO - app.detection.model - Starting detection for image: /app/uploads/pf_51.jpg
2025-07-13 21:36:12,042 - INFO - app.detection.model - Detection completed for /app/uploads/pf_51.jpg: No parasites detected, 0 WBCs
2025-07-13 21:36:12,042 - INFO - app.detection.analysis - Processing image 6/10: /app/uploads/pf_51.jpg
2025-07-13 21:36:12,042 - INFO - app.detection.model - Starting detection for image: /app/uploads/pf_51.jpg
2025-07-13 21:36:12,352 - INFO - app.detection.model - Detection completed for /app/uploads/pf_51.jpg: No parasites detected, 0 WBCs
2025-07-13 21:36:12,352 - INFO - app.detection.analysis - Processing image 7/10: /app/uploads/pf_52.jpg
2025-07-13 21:36:12,353 - INFO - app.detection.model - Starting detection for image: /app/uploads/pf_52.jpg
2025-07-13 21:36:12,670 - INFO - app.detection.model - Detection completed for /app/uploads/pf_52.jpg: No parasites detected, 0 WBCs
2025-07-13 21:36:12,670 - INFO - app.detection.analysis - Processing image 8/10: /app/uploads/pf_53.jpg
2025-07-13 21:36:12,670 - INFO - app.detection.model - Starting detection for image: /app/uploads/pf_53.jpg
2025-07-13 21:36:12,982 - INFO - app.detection.model - Detection completed for /app/uploads/pf_53.jpg: No parasites detected, 1 WBCs
2025-07-13 21:36:12,983 - INFO - app.detection.analysis - Processing image 9/10: /app/uploads/pf_57.jpg
2025-07-13 21:36:12,983 - INFO - app.detection.model - Starting detection for image: /app/uploads/pf_57.jpg
2025-07-13 21:36:13,286 - INFO - app.detection.model - Detection completed for /app/uploads/pf_57.jpg: No parasites detected, 1 WBCs
2025-07-13 21:36:13,286 - INFO - app.detection.analysis - Processing image 10/10: /app/uploads/pf_58.jpg
2025-07-13 21:36:13,286 - INFO - app.detection.model - Starting detection for image: /app/uploads/pf_58.jpg
2025-07-13 21:36:13,588 - INFO - app.detection.model - Detection completed for /app/uploads/pf_58.jpg: No parasites detected, 0 WBCs
2025-07-13 21:36:13,588 - INFO - app.detection.analysis - Analysis completed: Status=POSITIVE, Total Parasites=3, Most Probable Parasite=PF (Confidence: 0.33), Total WBCs=8, Ratio=0.38
2025-07-13 21:36:13,589 - INFO - app.detection.analysis - Analysis summary: 10/10 images successfully processed
2025-07-13 21:36:13,589 - INFO - app.routes - Diagnosis completed successfully: Status=POSITIVE
2025-07-13 21:36:13,590 - INFO - werkzeug - 192.168.65.1 - - [13/Jul/2025 21:36:13] "POST /diagnose HTTP/1.1" 200 -
2025-07-13 21:37:18,865 - INFO - root - Logging configuration completed
2025-07-13 21:37:19,016 - INFO - app.detection.model - Successfully loaded YOLO model from app/models/malaria_yolov10.pt
2025-07-13 21:37:19,017 - INFO - app - Flask application initialized successfully
2025-07-13 21:37:19,020 - INFO - werkzeug - [31m[1mWARNING: This is a development server. Do not use it in a production deployment. Use a production WSGI server instead.[0m
 * Running on all addresses (0.0.0.0)
 * Running on http://127.0.0.1:5000
 * Running on http://172.24.0.5:5000
2025-07-13 21:37:19,020 - INFO - werkzeug - [33mPress CTRL+C to quit[0m
2025-07-13 21:37:23,958 - INFO - app.routes - Received diagnosis request with 10 image paths
2025-07-13 21:37:23,959 - INFO - app.detection.analysis - Starting analysis for 10 images
2025-07-13 21:37:23,959 - INFO - app.detection.analysis - Processing image 1/10: /app/uploads/pf_6.jpg
2025-07-13 21:37:23,960 - INFO - app.detection.model - Starting detection for image: /app/uploads/pf_6.jpg
2025-07-13 21:37:25,846 - INFO - app.detection.analysis - Processing image 2/10: /app/uploads/pf_7.jpg
2025-07-13 21:37:25,849 - INFO - app.detection.model - Starting detection for image: /app/uploads/pf_7.jpg
2025-07-13 21:37:26,305 - INFO - app.detection.analysis - Processing image 3/10: /app/uploads/pf_9.jpg
2025-07-13 21:37:26,305 - INFO - app.detection.model - Starting detection for image: /app/uploads/pf_9.jpg
2025-07-13 21:37:26,659 - INFO - app.detection.model - Detection completed for /app/uploads/pf_9.jpg: No parasites detected, 0 WBCs
2025-07-13 21:37:26,659 - INFO - app.detection.analysis - Processing image 4/10: /app/uploads/pf_50.jpg
2025-07-13 21:37:26,660 - INFO - app.detection.model - Starting detection for image: /app/uploads/pf_50.jpg
2025-07-13 21:37:26,994 - INFO - app.detection.model - Detection completed for /app/uploads/pf_50.jpg: No parasites detected, 1 WBCs
2025-07-13 21:37:26,994 - INFO - app.detection.analysis - Processing image 5/10: /app/uploads/pf_51.jpg
2025-07-13 21:37:26,994 - INFO - app.detection.model - Starting detection for image: /app/uploads/pf_51.jpg
2025-07-13 21:37:27,330 - INFO - app.detection.model - Detection completed for /app/uploads/pf_51.jpg: No parasites detected, 0 WBCs
2025-07-13 21:37:27,330 - INFO - app.detection.analysis - Processing image 6/10: /app/uploads/pf_51.jpg
2025-07-13 21:37:27,330 - INFO - app.detection.model - Starting detection for image: /app/uploads/pf_51.jpg
2025-07-13 21:37:27,683 - INFO - app.detection.model - Detection completed for /app/uploads/pf_51.jpg: No parasites detected, 0 WBCs
2025-07-13 21:37:27,683 - INFO - app.detection.analysis - Processing image 7/10: /app/uploads/pf_52.jpg
2025-07-13 21:37:27,684 - INFO - app.detection.model - Starting detection for image: /app/uploads/pf_52.jpg
2025-07-13 21:37:27,997 - INFO - app.detection.model - Detection completed for /app/uploads/pf_52.jpg: No parasites detected, 0 WBCs
2025-07-13 21:37:27,997 - INFO - app.detection.analysis - Processing image 8/10: /app/uploads/pf_53.jpg
2025-07-13 21:37:27,998 - INFO - app.detection.model - Starting detection for image: /app/uploads/pf_53.jpg
2025-07-13 21:37:28,313 - INFO - app.detection.model - Detection completed for /app/uploads/pf_53.jpg: No parasites detected, 1 WBCs
2025-07-13 21:37:28,314 - INFO - app.detection.analysis - Processing image 9/10: /app/uploads/pf_57.jpg
2025-07-13 21:37:28,314 - INFO - app.detection.model - Starting detection for image: /app/uploads/pf_57.jpg
2025-07-13 21:37:28,656 - INFO - app.detection.model - Detection completed for /app/uploads/pf_57.jpg: No parasites detected, 1 WBCs
2025-07-13 21:37:28,656 - INFO - app.detection.analysis - Processing image 10/10: /app/uploads/pf_58.jpg
2025-07-13 21:37:28,657 - INFO - app.detection.model - Starting detection for image: /app/uploads/pf_58.jpg
2025-07-13 21:37:28,955 - INFO - app.detection.model - Detection completed for /app/uploads/pf_58.jpg: No parasites detected, 0 WBCs
2025-07-13 21:37:28,956 - INFO - app.detection.analysis - Analysis completed: Status=POSITIVE, Total Parasites=3, Most Probable Parasite=PF (Confidence: 0.33), Total WBCs=8, Ratio=0.38
2025-07-13 21:37:28,956 - INFO - app.detection.analysis - Analysis summary: 10/10 images successfully processed
2025-07-13 21:37:28,956 - INFO - app.routes - Diagnosis completed successfully: Status=POSITIVE
2025-07-13 21:37:28,957 - INFO - werkzeug - 192.168.65.1 - - [13/Jul/2025 21:37:28] "POST /diagnose HTTP/1.1" 200 -
2025-07-13 22:04:34,615 - INFO - root - Logging configuration completed
2025-07-13 22:04:34,781 - INFO - app.detection.model - Successfully loaded YOLO model from app/models/malaria_yolov10.pt
2025-07-13 22:04:34,782 - INFO - app - Flask application initialized successfully
2025-07-13 22:04:34,784 - INFO - werkzeug - [31m[1mWARNING: This is a development server. Do not use it in a production deployment. Use a production WSGI server instead.[0m
 * Running on all addresses (0.0.0.0)
 * Running on http://127.0.0.1:5000
 * Running on http://172.24.0.5:5000
2025-07-13 22:04:34,784 - INFO - werkzeug - [33mPress CTRL+C to quit[0m
2025-07-13 22:04:43,556 - INFO - app.routes - Received diagnosis request with 10 image paths
2025-07-13 22:04:43,557 - INFO - app.detection.analysis - Starting analysis for 10 images
2025-07-13 22:04:43,557 - INFO - app.detection.analysis - Processing image 1/10: /app/uploads/pf_6.jpg
2025-07-13 22:04:43,558 - INFO - app.detection.model - Starting detection for image: /app/uploads/pf_6.jpg
2025-07-13 22:04:45,165 - INFO - app.detection.analysis - Processing image 2/10: /app/uploads/pf_7.jpg
2025-07-13 22:04:45,166 - INFO - app.detection.model - Starting detection for image: /app/uploads/pf_7.jpg
2025-07-13 22:04:45,488 - INFO - app.detection.analysis - Processing image 3/10: /app/uploads/pf_9.jpg
2025-07-13 22:04:45,489 - INFO - app.detection.model - Starting detection for image: /app/uploads/pf_9.jpg
2025-07-13 22:04:45,785 - INFO - app.detection.model - Detection completed for /app/uploads/pf_9.jpg: No parasites detected, 0 WBCs
2025-07-13 22:04:45,785 - INFO - app.detection.analysis - Processing image 4/10: /app/uploads/pf_50.jpg
2025-07-13 22:04:45,785 - INFO - app.detection.model - Starting detection for image: /app/uploads/pf_50.jpg
2025-07-13 22:04:46,136 - INFO - app.detection.model - Detection completed for /app/uploads/pf_50.jpg: No parasites detected, 1 WBCs
2025-07-13 22:04:46,137 - INFO - app.detection.analysis - Processing image 5/10: /app/uploads/pf_51.jpg
2025-07-13 22:04:46,137 - INFO - app.detection.model - Starting detection for image: /app/uploads/pf_51.jpg
2025-07-13 22:04:46,477 - INFO - app.detection.model - Detection completed for /app/uploads/pf_51.jpg: No parasites detected, 0 WBCs
2025-07-13 22:04:46,478 - INFO - app.detection.analysis - Processing image 6/10: /app/uploads/pf_51.jpg
2025-07-13 22:04:46,478 - INFO - app.detection.model - Starting detection for image: /app/uploads/pf_51.jpg
2025-07-13 22:04:46,804 - INFO - app.detection.model - Detection completed for /app/uploads/pf_51.jpg: No parasites detected, 0 WBCs
2025-07-13 22:04:46,804 - INFO - app.detection.analysis - Processing image 7/10: /app/uploads/pf_52.jpg
2025-07-13 22:04:46,805 - INFO - app.detection.model - Starting detection for image: /app/uploads/pf_52.jpg
2025-07-13 22:04:47,118 - INFO - app.detection.model - Detection completed for /app/uploads/pf_52.jpg: No parasites detected, 0 WBCs
2025-07-13 22:04:47,118 - INFO - app.detection.analysis - Processing image 8/10: /app/uploads/pf_53.jpg
2025-07-13 22:04:47,118 - INFO - app.detection.model - Starting detection for image: /app/uploads/pf_53.jpg
2025-07-13 22:04:47,433 - INFO - app.detection.model - Detection completed for /app/uploads/pf_53.jpg: No parasites detected, 1 WBCs
2025-07-13 22:04:47,433 - INFO - app.detection.analysis - Processing image 9/10: /app/uploads/pf_57.jpg
2025-07-13 22:04:47,434 - INFO - app.detection.model - Starting detection for image: /app/uploads/pf_57.jpg
2025-07-13 22:04:47,748 - INFO - app.detection.model - Detection completed for /app/uploads/pf_57.jpg: No parasites detected, 1 WBCs
2025-07-13 22:04:47,748 - INFO - app.detection.analysis - Processing image 10/10: /app/uploads/pf_58.jpg
2025-07-13 22:04:47,749 - INFO - app.detection.model - Starting detection for image: /app/uploads/pf_58.jpg
2025-07-13 22:04:48,060 - INFO - app.detection.model - Detection completed for /app/uploads/pf_58.jpg: No parasites detected, 0 WBCs
2025-07-13 22:04:48,061 - INFO - app.detection.analysis - Analysis completed: Status=POSITIVE, Total Parasites=3,{'Most Probable Parasite': 'PF', 'Confidence level': '0.33'}, Total WBCs=8, Ratio=0.38
2025-07-13 22:04:48,061 - INFO - app.detection.analysis - Analysis summary: 10/10 images successfully processed
2025-07-13 22:04:48,061 - INFO - app.routes - Diagnosis completed successfully: Status=POSITIVE
2025-07-13 22:04:48,062 - INFO - werkzeug - 192.168.65.1 - - [13/Jul/2025 22:04:48] "POST /diagnose HTTP/1.1" 200 -
2025-07-13 22:24:41,674 - INFO - app.routes - Received diagnosis request with 10 image paths
2025-07-13 22:24:41,677 - INFO - app.detection.analysis - Starting analysis for 10 images
2025-07-13 22:24:41,678 - INFO - app.detection.analysis - Processing image 1/10: /app/uploads/pf_6.jpg
2025-07-13 22:24:41,679 - INFO - app.detection.model - Starting detection for image: /app/uploads/pf_6.jpg
2025-07-13 22:24:42,289 - INFO - app.detection.analysis - Processing image 2/10: /app/uploads/pf_7.jpg
2025-07-13 22:24:42,290 - INFO - app.detection.model - Starting detection for image: /app/uploads/pf_7.jpg
2025-07-13 22:24:42,685 - INFO - app.detection.analysis - Processing image 3/10: /app/uploads/pf_9.jpg
2025-07-13 22:24:42,686 - INFO - app.detection.model - Starting detection for image: /app/uploads/pf_9.jpg
2025-07-13 22:24:43,009 - INFO - app.detection.model - Detection completed for /app/uploads/pf_9.jpg: No parasites detected, 0 WBCs
2025-07-13 22:24:43,009 - INFO - app.detection.analysis - Processing image 4/10: /app/uploads/pf_50.jpg
2025-07-13 22:24:43,010 - INFO - app.detection.model - Starting detection for image: /app/uploads/pf_50.jpg
2025-07-13 22:24:43,388 - INFO - app.detection.model - Detection completed for /app/uploads/pf_50.jpg: No parasites detected, 1 WBCs
2025-07-13 22:24:43,389 - INFO - app.detection.analysis - Processing image 5/10: /app/uploads/pf_51.jpg
2025-07-13 22:24:43,389 - INFO - app.detection.model - Starting detection for image: /app/uploads/pf_51.jpg
2025-07-13 22:24:43,848 - INFO - app.detection.model - Detection completed for /app/uploads/pf_51.jpg: No parasites detected, 0 WBCs
2025-07-13 22:24:43,848 - INFO - app.detection.analysis - Processing image 6/10: /app/uploads/pf_51.jpg
2025-07-13 22:24:43,849 - INFO - app.detection.model - Starting detection for image: /app/uploads/pf_51.jpg
2025-07-13 22:24:44,274 - INFO - app.detection.model - Detection completed for /app/uploads/pf_51.jpg: No parasites detected, 0 WBCs
2025-07-13 22:24:44,275 - INFO - app.detection.analysis - Processing image 7/10: /app/uploads/pf_52.jpg
2025-07-13 22:24:44,276 - INFO - app.detection.model - Starting detection for image: /app/uploads/pf_52.jpg
2025-07-13 22:24:44,649 - INFO - app.detection.model - Detection completed for /app/uploads/pf_52.jpg: No parasites detected, 0 WBCs
2025-07-13 22:24:44,649 - INFO - app.detection.analysis - Processing image 8/10: /app/uploads/pf_53.jpg
2025-07-13 22:24:44,650 - INFO - app.detection.model - Starting detection for image: /app/uploads/pf_53.jpg
2025-07-13 22:24:45,011 - INFO - app.detection.model - Detection completed for /app/uploads/pf_53.jpg: No parasites detected, 1 WBCs
2025-07-13 22:24:45,011 - INFO - app.detection.analysis - Processing image 9/10: /app/uploads/pf_57.jpg
2025-07-13 22:24:45,012 - INFO - app.detection.model - Starting detection for image: /app/uploads/pf_57.jpg
2025-07-13 22:24:45,322 - INFO - app.detection.model - Detection completed for /app/uploads/pf_57.jpg: No parasites detected, 1 WBCs
2025-07-13 22:24:45,322 - INFO - app.detection.analysis - Processing image 10/10: /app/uploads/pf_58.jpg
2025-07-13 22:24:45,322 - INFO - app.detection.model - Starting detection for image: /app/uploads/pf_58.jpg
2025-07-13 22:24:45,654 - INFO - app.detection.model - Detection completed for /app/uploads/pf_58.jpg: No parasites detected, 0 WBCs
2025-07-13 22:24:45,655 - INFO - app.detection.analysis - Analysis completed: Status=POSITIVE, Total Parasites=3,{'Most Probable Parasite': 'PF', 'Confidence level': '0.33'}, Total WBCs=8, Ratio=0.38
2025-07-13 22:24:45,655 - INFO - app.detection.analysis - Analysis summary: 10/10 images successfully processed
2025-07-13 22:24:45,655 - INFO - app.routes - Diagnosis completed successfully: Status=POSITIVE
2025-07-13 22:24:45,658 - INFO - werkzeug - 192.168.65.1 - - [13/Jul/2025 22:24:45] "POST /diagnose HTTP/1.1" 200 -
2025-07-24 12:07:38,991 - INFO - root - Logging configuration completed
2025-07-24 12:07:45,516 - ERROR - app.detection.model - Failed to load YOLO model: No module named 'ultralytics_custom'
2025-07-24 12:09:31,008 - INFO - root - Logging configuration completed
2025-07-24 12:09:31,018 - ERROR - app.detection.model - Failed to load YOLO model: Weights only load failed. This file can still be loaded, to do so you have two options, [1mdo those steps only if you trust the source of the checkpoint[0m. 
	(1) In PyTorch 2.6, we changed the default value of the `weights_only` argument in `torch.load` from `False` to `True`. Re-running `torch.load` with `weights_only` set to `False` will likely succeed, but it can result in arbitrary code execution. Do it only if you got the file from a trusted source.
	(2) Alternatively, to load with `weights_only=True` please check the recommended steps in the following error message.
	WeightsUnpickler error: Unsupported global: GLOBAL ultralytics_custom.nn.tasks.DetectionModel was not an allowed global by default. Please use `torch.serialization.add_safe_globals([ultralytics_custom.nn.tasks.DetectionModel])` or the `torch.serialization.safe_globals([ultralytics_custom.nn.tasks.DetectionModel])` context manager to allowlist this global if you trust this class/function.

Check the documentation of torch.load to learn more about types accepted by default with weights_only https://pytorch.org/docs/stable/generated/torch.load.html.
2025-07-24 12:11:51,093 - INFO - root - Logging configuration completed
2025-07-24 12:11:51,105 - ERROR - app.detection.model - Failed to load YOLO model: Weights only load failed. This file can still be loaded, to do so you have two options, [1mdo those steps only if you trust the source of the checkpoint[0m. 
	(1) In PyTorch 2.6, we changed the default value of the `weights_only` argument in `torch.load` from `False` to `True`. Re-running `torch.load` with `weights_only` set to `False` will likely succeed, but it can result in arbitrary code execution. Do it only if you got the file from a trusted source.
	(2) Alternatively, to load with `weights_only=True` please check the recommended steps in the following error message.
	WeightsUnpickler error: Unsupported global: GLOBAL ultralytics_custom.nn.tasks.DetectionModel was not an allowed global by default. Please use `torch.serialization.add_safe_globals([ultralytics_custom.nn.tasks.DetectionModel])` or the `torch.serialization.safe_globals([ultralytics_custom.nn.tasks.DetectionModel])` context manager to allowlist this global if you trust this class/function.

Check the documentation of torch.load to learn more about types accepted by default with weights_only https://pytorch.org/docs/stable/generated/torch.load.html.
2025-07-24 13:17:17,481 - INFO - root - Logging configuration completed
2025-07-24 13:17:17,483 - ERROR - app.detection.model - Failed to load YOLO model: __init__() got an unexpected keyword argument 'weights_only'
2025-07-25 08:05:06,163 - INFO - root - Logging configuration completed
2025-07-25 08:05:11,579 - ERROR - app.detection.model - Failed to load YOLO model: No module named 'ultralytics_custom'
2025-07-25 10:20:53,612 - INFO - root - Logging configuration completed
2025-07-25 10:20:53,801 - INFO - app.detection.model - Successfully loaded YOLO model from app/models/malaria_yolov10.pt
2025-07-25 10:20:53,802 - INFO - app - Flask application initialized successfully
2025-07-25 10:20:53,805 - INFO - werkzeug - [31m[1mWARNING: This is a development server. Do not use it in a production deployment. Use a production WSGI server instead.[0m
 * Running on all addresses (0.0.0.0)
 * Running on http://127.0.0.1:5000
 * Running on http://172.24.0.5:5000
2025-07-25 10:20:53,805 - INFO - werkzeug - [33mPress CTRL+C to quit[0m
2025-07-30 09:33:35,265 - INFO - root - Logging configuration completed
2025-07-30 09:33:35,545 - INFO - app.detection.model - Successfully loaded YOLO model from app/models/malaria_yolov10.pt
2025-07-30 09:33:35,546 - INFO - app - Flask application initialized successfully
2025-07-30 09:33:35,551 - INFO - werkzeug - [31m[1mWARNING: This is a development server. Do not use it in a production deployment. Use a production WSGI server instead.[0m
 * Running on all addresses (0.0.0.0)
 * Running on http://127.0.0.1:5000
 * Running on http://172.24.0.5:5000
2025-07-30 09:33:35,551 - INFO - werkzeug - [33mPress CTRL+C to quit[0m
2025-07-30 09:45:56,491 - INFO - app.routes - Received diagnosis request with 10 image paths
2025-07-30 09:45:56,495 - INFO - app.detection.analysis - Starting analysis for 10 images
2025-07-30 09:45:56,495 - INFO - app.detection.analysis - Processing image 1/10: /app/uploads/pf_6.jpg
2025-07-30 09:45:56,500 - INFO - app.detection.model - Starting detection for image: /app/uploads/pf_6.jpg
2025-07-30 09:45:58,499 - INFO - app.detection.analysis - Processing image 2/10: /app/uploads/pf_7.jpg
2025-07-30 09:45:58,501 - INFO - app.detection.model - Starting detection for image: /app/uploads/pf_7.jpg
2025-07-30 09:45:58,840 - INFO - app.detection.analysis - Processing image 3/10: /app/uploads/pf_9.jpg
2025-07-30 09:45:58,844 - INFO - app.detection.model - Starting detection for image: /app/uploads/pf_9.jpg
2025-07-30 09:45:59,152 - INFO - app.detection.model - Detection completed for /app/uploads/pf_9.jpg: No parasites detected, 0 WBCs
2025-07-30 09:45:59,153 - INFO - app.detection.analysis - Processing image 4/10: /app/uploads/pf_50.jpg
2025-07-30 09:45:59,155 - INFO - app.detection.model - Starting detection for image: /app/uploads/pf_50.jpg
2025-07-30 09:45:59,457 - INFO - app.detection.model - Detection completed for /app/uploads/pf_50.jpg: No parasites detected, 1 WBCs
2025-07-30 09:45:59,457 - INFO - app.detection.analysis - Processing image 5/10: /app/uploads/pf_51.jpg
2025-07-30 09:45:59,458 - INFO - app.detection.model - Starting detection for image: /app/uploads/pf_51.jpg
2025-07-30 09:45:59,761 - INFO - app.detection.model - Detection completed for /app/uploads/pf_51.jpg: No parasites detected, 0 WBCs
2025-07-30 09:45:59,762 - INFO - app.detection.analysis - Processing image 6/10: /app/uploads/pf_51.jpg
2025-07-30 09:45:59,762 - INFO - app.detection.model - Starting detection for image: /app/uploads/pf_51.jpg
2025-07-30 09:46:00,086 - INFO - app.detection.model - Detection completed for /app/uploads/pf_51.jpg: No parasites detected, 0 WBCs
2025-07-30 09:46:00,086 - INFO - app.detection.analysis - Processing image 7/10: /app/uploads/pf_52.jpg
2025-07-30 09:46:00,087 - INFO - app.detection.model - Starting detection for image: /app/uploads/pf_52.jpg
2025-07-30 09:46:00,377 - INFO - app.detection.model - Detection completed for /app/uploads/pf_52.jpg: No parasites detected, 0 WBCs
2025-07-30 09:46:00,377 - INFO - app.detection.analysis - Processing image 8/10: /app/uploads/pf_53.jpg
2025-07-30 09:46:00,377 - INFO - app.detection.model - Starting detection for image: /app/uploads/pf_53.jpg
2025-07-30 09:46:00,674 - INFO - app.detection.model - Detection completed for /app/uploads/pf_53.jpg: No parasites detected, 1 WBCs
2025-07-30 09:46:00,674 - INFO - app.detection.analysis - Processing image 9/10: /app/uploads/pf_57.jpg
2025-07-30 09:46:00,677 - INFO - app.detection.model - Starting detection for image: /app/uploads/pf_57.jpg
2025-07-30 09:46:00,977 - INFO - app.detection.model - Detection completed for /app/uploads/pf_57.jpg: No parasites detected, 1 WBCs
2025-07-30 09:46:00,977 - INFO - app.detection.analysis - Processing image 10/10: /app/uploads/pf_58.jpg
2025-07-30 09:46:00,978 - INFO - app.detection.model - Starting detection for image: /app/uploads/pf_58.jpg
2025-07-30 09:46:01,272 - INFO - app.detection.model - Detection completed for /app/uploads/pf_58.jpg: No parasites detected, 0 WBCs
2025-07-30 09:46:01,273 - INFO - app.detection.analysis - Analysis completed: Status=POSITIVE, Total Parasites=3,{'Most Probable Parasite': 'PF', 'Confidence level': '0.33'}, Total WBCs=8, Ratio=0.38
2025-07-30 09:46:01,273 - INFO - app.detection.analysis - Analysis summary: 10/10 images successfully processed
2025-07-30 09:46:01,273 - INFO - app.routes - Diagnosis completed successfully: Status=POSITIVE
2025-07-30 09:46:01,274 - INFO - werkzeug - 192.168.65.1 - - [30/Jul/2025 09:46:01] "POST /diagnose HTTP/1.1" 200 -
2025-08-08 14:20:26,402 - INFO - root - Logging configuration completed
2025-08-08 14:20:26,709 - INFO - app.detection.model - Successfully loaded YOLO model from app/models/best_yolo12.pt
2025-08-08 14:20:26,710 - INFO - app - Flask application initialized successfully
2025-08-08 14:20:26,747 - INFO - werkzeug - [31m[1mWARNING: This is a development server. Do not use it in a production deployment. Use a production WSGI server instead.[0m
 * Running on all addresses (0.0.0.0)
 * Running on http://127.0.0.1:5000
 * Running on http://172.24.0.5:5000
2025-08-08 14:20:26,748 - INFO - werkzeug - [33mPress CTRL+C to quit[0m
2025-08-08 14:20:50,062 - INFO - app.routes - Received diagnosis request with 10 image paths
2025-08-08 14:20:50,066 - INFO - app.detection.analysis - Starting analysis for 10 images
2025-08-08 14:20:50,067 - INFO - app.detection.analysis - Processing image 1/10: /app/uploads/pf_6.jpg
2025-08-08 14:20:50,072 - INFO - app.detection.model - Starting detection for image: /app/uploads/pf_6.jpg
2025-08-08 14:20:53,593 - ERROR - app.detection.model - Error processing image /app/uploads/pf_6.jpg: 'AAttn' object has no attribute 'qkv'
2025-08-08 14:20:53,598 - WARNING - app.detection.analysis - Skipping image /app/uploads/pf_6.jpg due to error: Error processing image: 'AAttn' object has no attribute 'qkv'
2025-08-08 14:20:53,598 - INFO - app.detection.analysis - Processing image 2/10: /app/uploads/pf_7.jpg
2025-08-08 14:20:53,608 - INFO - app.detection.model - Starting detection for image: /app/uploads/pf_7.jpg
2025-08-08 14:20:54,109 - ERROR - app.detection.model - Error processing image /app/uploads/pf_7.jpg: 'AAttn' object has no attribute 'qkv'
2025-08-08 14:20:54,112 - WARNING - app.detection.analysis - Skipping image /app/uploads/pf_7.jpg due to error: Error processing image: 'AAttn' object has no attribute 'qkv'
2025-08-08 14:20:54,112 - INFO - app.detection.analysis - Processing image 3/10: /app/uploads/pf_9.jpg
2025-08-08 14:20:54,118 - INFO - app.detection.model - Starting detection for image: /app/uploads/pf_9.jpg
2025-08-08 14:20:54,612 - ERROR - app.detection.model - Error processing image /app/uploads/pf_9.jpg: 'AAttn' object has no attribute 'qkv'
2025-08-08 14:20:54,615 - WARNING - app.detection.analysis - Skipping image /app/uploads/pf_9.jpg due to error: Error processing image: 'AAttn' object has no attribute 'qkv'
2025-08-08 14:20:54,615 - INFO - app.detection.analysis - Processing image 4/10: /app/uploads/pf_50.jpg
2025-08-08 14:20:54,622 - INFO - app.detection.model - Starting detection for image: /app/uploads/pf_50.jpg
2025-08-08 14:20:55,074 - ERROR - app.detection.model - Error processing image /app/uploads/pf_50.jpg: 'AAttn' object has no attribute 'qkv'
2025-08-08 14:20:55,077 - WARNING - app.detection.analysis - Skipping image /app/uploads/pf_50.jpg due to error: Error processing image: 'AAttn' object has no attribute 'qkv'
2025-08-08 14:20:55,078 - INFO - app.detection.analysis - Processing image 5/10: /app/uploads/pf_51.jpg
2025-08-08 14:20:55,084 - INFO - app.detection.model - Starting detection for image: /app/uploads/pf_51.jpg
2025-08-08 14:20:55,598 - ERROR - app.detection.model - Error processing image /app/uploads/pf_51.jpg: 'AAttn' object has no attribute 'qkv'
2025-08-08 14:20:55,601 - WARNING - app.detection.analysis - Skipping image /app/uploads/pf_51.jpg due to error: Error processing image: 'AAttn' object has no attribute 'qkv'
2025-08-08 14:20:55,601 - INFO - app.detection.analysis - Processing image 6/10: /app/uploads/pf_51.jpg
2025-08-08 14:20:55,601 - INFO - app.detection.model - Starting detection for image: /app/uploads/pf_51.jpg
2025-08-08 14:20:56,091 - ERROR - app.detection.model - Error processing image /app/uploads/pf_51.jpg: 'AAttn' object has no attribute 'qkv'
2025-08-08 14:20:56,095 - WARNING - app.detection.analysis - Skipping image /app/uploads/pf_51.jpg due to error: Error processing image: 'AAttn' object has no attribute 'qkv'
2025-08-08 14:20:56,095 - INFO - app.detection.analysis - Processing image 7/10: /app/uploads/pf_52.jpg
2025-08-08 14:20:56,109 - INFO - app.detection.model - Starting detection for image: /app/uploads/pf_52.jpg
2025-08-08 14:20:56,625 - ERROR - app.detection.model - Error processing image /app/uploads/pf_52.jpg: 'AAttn' object has no attribute 'qkv'
2025-08-08 14:20:56,629 - WARNING - app.detection.analysis - Skipping image /app/uploads/pf_52.jpg due to error: Error processing image: 'AAttn' object has no attribute 'qkv'
2025-08-08 14:20:56,629 - INFO - app.detection.analysis - Processing image 8/10: /app/uploads/pf_53.jpg
2025-08-08 14:20:56,632 - INFO - app.detection.model - Starting detection for image: /app/uploads/pf_53.jpg
2025-08-08 14:20:57,195 - ERROR - app.detection.model - Error processing image /app/uploads/pf_53.jpg: 'AAttn' object has no attribute 'qkv'
2025-08-08 14:20:57,199 - WARNING - app.detection.analysis - Skipping image /app/uploads/pf_53.jpg due to error: Error processing image: 'AAttn' object has no attribute 'qkv'
2025-08-08 14:20:57,200 - INFO - app.detection.analysis - Processing image 9/10: /app/uploads/pf_57.jpg
2025-08-08 14:20:57,237 - INFO - app.detection.model - Starting detection for image: /app/uploads/pf_57.jpg
2025-08-08 14:20:57,886 - ERROR - app.detection.model - Error processing image /app/uploads/pf_57.jpg: 'AAttn' object has no attribute 'qkv'
2025-08-08 14:20:57,890 - WARNING - app.detection.analysis - Skipping image /app/uploads/pf_57.jpg due to error: Error processing image: 'AAttn' object has no attribute 'qkv'
2025-08-08 14:20:57,890 - INFO - app.detection.analysis - Processing image 10/10: /app/uploads/pf_58.jpg
2025-08-08 14:20:57,893 - INFO - app.detection.model - Starting detection for image: /app/uploads/pf_58.jpg
2025-08-08 14:20:58,450 - ERROR - app.detection.model - Error processing image /app/uploads/pf_58.jpg: 'AAttn' object has no attribute 'qkv'
2025-08-08 14:20:58,453 - WARNING - app.detection.analysis - Skipping image /app/uploads/pf_58.jpg due to error: Error processing image: 'AAttn' object has no attribute 'qkv'
2025-08-08 14:20:58,453 - INFO - app.detection.analysis - Analysis completed: Status=NEGATIVE, Total Parasites=0,No parasites detected, Total WBCs=0, Ratio=0.00
2025-08-08 14:20:58,454 - INFO - app.detection.analysis - Analysis summary: 0/10 images successfully processed
2025-08-08 14:20:58,454 - INFO - app.routes - Diagnosis completed successfully: Status=NEGATIVE
2025-08-08 14:20:58,472 - INFO - werkzeug - 192.168.65.1 - - [08/Aug/2025 14:20:58] "POST /diagnose HTTP/1.1" 200 -
2025-08-08 14:21:44,797 - INFO - app.routes - Received diagnosis request with 10 image paths
2025-08-08 14:21:44,801 - INFO - app.detection.analysis - Starting analysis for 10 images
2025-08-08 14:21:44,801 - INFO - app.detection.analysis - Processing image 1/10: /app/uploads/pm_260.jpg
2025-08-08 14:21:44,810 - INFO - app.detection.model - Starting detection for image: /app/uploads/pm_260.jpg
2025-08-08 14:21:45,716 - ERROR - app.detection.model - Error processing image /app/uploads/pm_260.jpg: 'AAttn' object has no attribute 'qkv'
2025-08-08 14:21:45,723 - WARNING - app.detection.analysis - Skipping image /app/uploads/pm_260.jpg due to error: Error processing image: 'AAttn' object has no attribute 'qkv'
2025-08-08 14:21:45,723 - INFO - app.detection.analysis - Processing image 2/10: /app/uploads/pm_261.jpg
2025-08-08 14:21:45,742 - INFO - app.detection.model - Starting detection for image: /app/uploads/pm_261.jpg
2025-08-08 14:21:46,299 - ERROR - app.detection.model - Error processing image /app/uploads/pm_261.jpg: 'AAttn' object has no attribute 'qkv'
2025-08-08 14:21:46,306 - WARNING - app.detection.analysis - Skipping image /app/uploads/pm_261.jpg due to error: Error processing image: 'AAttn' object has no attribute 'qkv'
2025-08-08 14:21:46,309 - INFO - app.detection.analysis - Processing image 3/10: /app/uploads/pm_262.jpg
2025-08-08 14:21:46,315 - INFO - app.detection.model - Starting detection for image: /app/uploads/pm_262.jpg
2025-08-08 14:21:46,844 - ERROR - app.detection.model - Error processing image /app/uploads/pm_262.jpg: 'AAttn' object has no attribute 'qkv'
2025-08-08 14:21:46,866 - WARNING - app.detection.analysis - Skipping image /app/uploads/pm_262.jpg due to error: Error processing image: 'AAttn' object has no attribute 'qkv'
2025-08-08 14:21:46,866 - INFO - app.detection.analysis - Processing image 4/10: /app/uploads/pm_263.jpg
2025-08-08 14:21:46,870 - INFO - app.detection.model - Starting detection for image: /app/uploads/pm_263.jpg
2025-08-08 14:21:47,362 - ERROR - app.detection.model - Error processing image /app/uploads/pm_263.jpg: 'AAttn' object has no attribute 'qkv'
2025-08-08 14:21:47,368 - WARNING - app.detection.analysis - Skipping image /app/uploads/pm_263.jpg due to error: Error processing image: 'AAttn' object has no attribute 'qkv'
2025-08-08 14:21:47,369 - INFO - app.detection.analysis - Processing image 5/10: /app/uploads/pm_264.jpg
2025-08-08 14:21:47,374 - INFO - app.detection.model - Starting detection for image: /app/uploads/pm_264.jpg
2025-08-08 14:21:47,822 - ERROR - app.detection.model - Error processing image /app/uploads/pm_264.jpg: 'AAttn' object has no attribute 'qkv'
2025-08-08 14:21:47,828 - WARNING - app.detection.analysis - Skipping image /app/uploads/pm_264.jpg due to error: Error processing image: 'AAttn' object has no attribute 'qkv'
2025-08-08 14:21:47,835 - INFO - app.detection.analysis - Processing image 6/10: /app/uploads/pm_265.jpg
2025-08-08 14:21:47,849 - INFO - app.detection.model - Starting detection for image: /app/uploads/pm_265.jpg
2025-08-08 14:21:48,322 - ERROR - app.detection.model - Error processing image /app/uploads/pm_265.jpg: 'AAttn' object has no attribute 'qkv'
2025-08-08 14:21:48,330 - WARNING - app.detection.analysis - Skipping image /app/uploads/pm_265.jpg due to error: Error processing image: 'AAttn' object has no attribute 'qkv'
2025-08-08 14:21:48,330 - INFO - app.detection.analysis - Processing image 7/10: /app/uploads/pm_266.jpg
2025-08-08 14:21:48,339 - INFO - app.detection.model - Starting detection for image: /app/uploads/pm_266.jpg
2025-08-08 14:21:48,743 - ERROR - app.detection.model - Error processing image /app/uploads/pm_266.jpg: 'AAttn' object has no attribute 'qkv'
2025-08-08 14:21:48,747 - WARNING - app.detection.analysis - Skipping image /app/uploads/pm_266.jpg due to error: Error processing image: 'AAttn' object has no attribute 'qkv'
2025-08-08 14:21:48,747 - INFO - app.detection.analysis - Processing image 8/10: /app/uploads/pm_267.jpg
2025-08-08 14:21:48,752 - INFO - app.detection.model - Starting detection for image: /app/uploads/pm_267.jpg
2025-08-08 14:21:49,088 - ERROR - app.detection.model - Error processing image /app/uploads/pm_267.jpg: 'AAttn' object has no attribute 'qkv'
2025-08-08 14:21:49,094 - WARNING - app.detection.analysis - Skipping image /app/uploads/pm_267.jpg due to error: Error processing image: 'AAttn' object has no attribute 'qkv'
2025-08-08 14:21:49,094 - INFO - app.detection.analysis - Processing image 9/10: /app/uploads/pm_268.jpg
2025-08-08 14:21:49,100 - INFO - app.detection.model - Starting detection for image: /app/uploads/pm_268.jpg
2025-08-08 14:21:49,492 - ERROR - app.detection.model - Error processing image /app/uploads/pm_268.jpg: 'AAttn' object has no attribute 'qkv'
2025-08-08 14:21:49,497 - WARNING - app.detection.analysis - Skipping image /app/uploads/pm_268.jpg due to error: Error processing image: 'AAttn' object has no attribute 'qkv'
2025-08-08 14:21:49,497 - INFO - app.detection.analysis - Processing image 10/10: /app/uploads/pm_269.jpg
2025-08-08 14:21:49,503 - INFO - app.detection.model - Starting detection for image: /app/uploads/pm_269.jpg
2025-08-08 14:21:49,834 - ERROR - app.detection.model - Error processing image /app/uploads/pm_269.jpg: 'AAttn' object has no attribute 'qkv'
2025-08-08 14:21:49,839 - WARNING - app.detection.analysis - Skipping image /app/uploads/pm_269.jpg due to error: Error processing image: 'AAttn' object has no attribute 'qkv'
2025-08-08 14:21:49,840 - INFO - app.detection.analysis - Analysis completed: Status=NEGATIVE, Total Parasites=0,No parasites detected, Total WBCs=0, Ratio=0.00
2025-08-08 14:21:49,840 - INFO - app.detection.analysis - Analysis summary: 0/10 images successfully processed
2025-08-08 14:21:49,840 - INFO - app.routes - Diagnosis completed successfully: Status=NEGATIVE
2025-08-08 14:21:49,843 - INFO - werkzeug - 192.168.65.1 - - [08/Aug/2025 14:21:49] "POST /diagnose HTTP/1.1" 200 -
2025-08-08 15:23:52,316 - INFO - root - Logging configuration completed
2025-08-08 15:23:52,779 - INFO - app.detection.model - Successfully loaded YOLO model from app/models/best_yolo12detect.pt
2025-08-08 15:23:52,781 - INFO - app - Flask application initialized successfully
2025-08-08 15:23:52,791 - INFO - werkzeug - [31m[1mWARNING: This is a development server. Do not use it in a production deployment. Use a production WSGI server instead.[0m
 * Running on all addresses (0.0.0.0)
 * Running on http://127.0.0.1:5000
 * Running on http://172.24.0.5:5000
2025-08-08 15:23:52,791 - INFO - werkzeug - [33mPress CTRL+C to quit[0m
2025-08-08 15:24:18,591 - INFO - app.routes - Received diagnosis request with 10 image paths
2025-08-08 15:24:18,595 - INFO - app.detection.analysis - Starting analysis for 10 images
2025-08-08 15:24:18,595 - INFO - app.detection.analysis - Processing image 1/10: /app/uploads/pm_260.jpg
2025-08-08 15:24:18,596 - INFO - app.detection.model - Starting detection for image: /app/uploads/pm_260.jpg
2025-08-08 15:24:21,330 - ERROR - app.detection.model - Error processing image /app/uploads/pm_260.jpg: 'AAttn' object has no attribute 'qkv'
2025-08-08 15:24:21,337 - WARNING - app.detection.analysis - Skipping image /app/uploads/pm_260.jpg due to error: Error processing image: 'AAttn' object has no attribute 'qkv'
2025-08-08 15:24:21,337 - INFO - app.detection.analysis - Processing image 2/10: /app/uploads/pm_261.jpg
2025-08-08 15:24:21,338 - INFO - app.detection.model - Starting detection for image: /app/uploads/pm_261.jpg
2025-08-08 15:24:21,800 - ERROR - app.detection.model - Error processing image /app/uploads/pm_261.jpg: 'AAttn' object has no attribute 'qkv'
2025-08-08 15:24:21,803 - WARNING - app.detection.analysis - Skipping image /app/uploads/pm_261.jpg due to error: Error processing image: 'AAttn' object has no attribute 'qkv'
2025-08-08 15:24:21,804 - INFO - app.detection.analysis - Processing image 3/10: /app/uploads/pm_262.jpg
2025-08-08 15:24:21,804 - INFO - app.detection.model - Starting detection for image: /app/uploads/pm_262.jpg
2025-08-08 15:24:22,169 - ERROR - app.detection.model - Error processing image /app/uploads/pm_262.jpg: 'AAttn' object has no attribute 'qkv'
2025-08-08 15:24:22,169 - WARNING - app.detection.analysis - Skipping image /app/uploads/pm_262.jpg due to error: Error processing image: 'AAttn' object has no attribute 'qkv'
2025-08-08 15:24:22,170 - INFO - app.detection.analysis - Processing image 4/10: /app/uploads/pm_263.jpg
2025-08-08 15:24:22,170 - INFO - app.detection.model - Starting detection for image: /app/uploads/pm_263.jpg
2025-08-08 15:24:22,569 - ERROR - app.detection.model - Error processing image /app/uploads/pm_263.jpg: 'AAttn' object has no attribute 'qkv'
2025-08-08 15:24:22,570 - WARNING - app.detection.analysis - Skipping image /app/uploads/pm_263.jpg due to error: Error processing image: 'AAttn' object has no attribute 'qkv'
2025-08-08 15:24:22,570 - INFO - app.detection.analysis - Processing image 5/10: /app/uploads/pm_264.jpg
2025-08-08 15:24:22,570 - INFO - app.detection.model - Starting detection for image: /app/uploads/pm_264.jpg
2025-08-08 15:24:22,927 - ERROR - app.detection.model - Error processing image /app/uploads/pm_264.jpg: 'AAttn' object has no attribute 'qkv'
2025-08-08 15:24:22,927 - WARNING - app.detection.analysis - Skipping image /app/uploads/pm_264.jpg due to error: Error processing image: 'AAttn' object has no attribute 'qkv'
2025-08-08 15:24:22,927 - INFO - app.detection.analysis - Processing image 6/10: /app/uploads/pm_265.jpg
2025-08-08 15:24:22,928 - INFO - app.detection.model - Starting detection for image: /app/uploads/pm_265.jpg
2025-08-08 15:24:23,231 - ERROR - app.detection.model - Error processing image /app/uploads/pm_265.jpg: 'AAttn' object has no attribute 'qkv'
2025-08-08 15:24:23,231 - WARNING - app.detection.analysis - Skipping image /app/uploads/pm_265.jpg due to error: Error processing image: 'AAttn' object has no attribute 'qkv'
2025-08-08 15:24:23,231 - INFO - app.detection.analysis - Processing image 7/10: /app/uploads/pm_266.jpg
2025-08-08 15:24:23,232 - INFO - app.detection.model - Starting detection for image: /app/uploads/pm_266.jpg
2025-08-08 15:24:23,594 - ERROR - app.detection.model - Error processing image /app/uploads/pm_266.jpg: 'AAttn' object has no attribute 'qkv'
2025-08-08 15:24:23,599 - WARNING - app.detection.analysis - Skipping image /app/uploads/pm_266.jpg due to error: Error processing image: 'AAttn' object has no attribute 'qkv'
2025-08-08 15:24:23,600 - INFO - app.detection.analysis - Processing image 8/10: /app/uploads/pm_267.jpg
2025-08-08 15:24:23,600 - INFO - app.detection.model - Starting detection for image: /app/uploads/pm_267.jpg
2025-08-08 15:24:23,971 - ERROR - app.detection.model - Error processing image /app/uploads/pm_267.jpg: 'AAttn' object has no attribute 'qkv'
2025-08-08 15:24:23,972 - WARNING - app.detection.analysis - Skipping image /app/uploads/pm_267.jpg due to error: Error processing image: 'AAttn' object has no attribute 'qkv'
2025-08-08 15:24:23,972 - INFO - app.detection.analysis - Processing image 9/10: /app/uploads/pm_268.jpg
2025-08-08 15:24:23,972 - INFO - app.detection.model - Starting detection for image: /app/uploads/pm_268.jpg
2025-08-08 15:24:24,288 - ERROR - app.detection.model - Error processing image /app/uploads/pm_268.jpg: 'AAttn' object has no attribute 'qkv'
2025-08-08 15:24:24,289 - WARNING - app.detection.analysis - Skipping image /app/uploads/pm_268.jpg due to error: Error processing image: 'AAttn' object has no attribute 'qkv'
2025-08-08 15:24:24,289 - INFO - app.detection.analysis - Processing image 10/10: /app/uploads/pm_269.jpg
2025-08-08 15:24:24,289 - INFO - app.detection.model - Starting detection for image: /app/uploads/pm_269.jpg
2025-08-08 15:24:24,623 - ERROR - app.detection.model - Error processing image /app/uploads/pm_269.jpg: 'AAttn' object has no attribute 'qkv'
2025-08-08 15:24:24,623 - WARNING - app.detection.analysis - Skipping image /app/uploads/pm_269.jpg due to error: Error processing image: 'AAttn' object has no attribute 'qkv'
2025-08-08 15:24:24,624 - INFO - app.detection.analysis - Analysis completed: Status=NEGATIVE, Total Parasites=0,No parasites detected, Total WBCs=0, Ratio=0.00
2025-08-08 15:24:24,624 - INFO - app.detection.analysis - Analysis summary: 0/10 images successfully processed
2025-08-08 15:24:24,624 - INFO - app.routes - Diagnosis completed successfully: Status=NEGATIVE
2025-08-08 15:24:24,630 - INFO - werkzeug - 192.168.65.1 - - [08/Aug/2025 15:24:24] "POST /diagnose HTTP/1.1" 200 -
2025-09-25 07:42:56,035 - INFO - root - Logging configuration completed
2025-09-25 07:42:56,425 - INFO - app.detection.model - Successfully loaded YOLO model from app/models/best_yolo12detect.pt
2025-09-25 07:42:56,425 - INFO - app - Flask application initialized successfully
2025-09-25 07:42:56,429 - INFO - werkzeug - [31m[1mWARNING: This is a development server. Do not use it in a production deployment. Use a production WSGI server instead.[0m
 * Running on all addresses (0.0.0.0)
 * Running on http://127.0.0.1:5000
 * Running on http://172.24.0.5:5000
2025-09-25 07:42:56,429 - INFO - werkzeug - [33mPress CTRL+C to quit[0m
2025-09-25 07:52:44,544 - INFO - root - Logging configuration completed
2025-09-25 07:52:44,632 - INFO - app.detection.model - Successfully loaded YOLO model from app/models/best_yolo12detect.pt
2025-09-25 07:52:44,633 - INFO - app - Flask application initialized successfully
2025-09-25 07:52:44,634 - INFO - werkzeug - [31m[1mWARNING: This is a development server. Do not use it in a production deployment. Use a production WSGI server instead.[0m
 * Running on all addresses (0.0.0.0)
 * Running on http://127.0.0.1:5000
 * Running on http://172.24.0.5:5000
2025-09-25 07:52:44,634 - INFO - werkzeug - [33mPress CTRL+C to quit[0m
2025-09-25 08:05:23,071 - INFO - root - Logging configuration completed
2025-09-25 08:05:23,196 - INFO - app.detection.model - Successfully loaded YOLO model from app/models/best_yolo12detect.pt
2025-09-25 08:05:23,197 - INFO - app - Flask application initialized successfully
2025-09-25 08:05:23,201 - INFO - werkzeug - [31m[1mWARNING: This is a development server. Do not use it in a production deployment. Use a production WSGI server instead.[0m
 * Running on all addresses (0.0.0.0)
 * Running on http://127.0.0.1:5000
 * Running on http://172.24.0.5:5000
2025-09-25 08:05:23,202 - INFO - werkzeug - [33mPress CTRL+C to quit[0m
2025-09-25 08:30:04,170 - INFO - app.routes - Received diagnosis request with 10 image paths
2025-09-25 08:30:04,181 - INFO - app.detection.analysis - Starting analysis for 10 images
2025-09-25 08:30:04,181 - INFO - app.detection.analysis - Processing image 1/10: /app/uploads/pm_260.jpg
2025-09-25 08:30:04,194 - INFO - app.detection.model - Starting detection for image: /app/uploads/pm_260.jpg
2025-09-25 08:30:06,977 - ERROR - app.detection.model - Error processing image /app/uploads/pm_260.jpg: 'AAttn' object has no attribute 'qkv'
2025-09-25 08:30:06,983 - WARNING - app.detection.analysis - Skipping image /app/uploads/pm_260.jpg due to error: Error processing image: 'AAttn' object has no attribute 'qkv'
2025-09-25 08:30:06,983 - INFO - app.detection.analysis - Processing image 2/10: /app/uploads/pm_261.jpg
2025-09-25 08:30:06,990 - INFO - app.detection.model - Starting detection for image: /app/uploads/pm_261.jpg
2025-09-25 08:30:07,496 - ERROR - app.detection.model - Error processing image /app/uploads/pm_261.jpg: 'AAttn' object has no attribute 'qkv'
2025-09-25 08:30:07,500 - WARNING - app.detection.analysis - Skipping image /app/uploads/pm_261.jpg due to error: Error processing image: 'AAttn' object has no attribute 'qkv'
2025-09-25 08:30:07,500 - INFO - app.detection.analysis - Processing image 3/10: /app/uploads/pm_262.jpg
2025-09-25 08:30:07,505 - INFO - app.detection.model - Starting detection for image: /app/uploads/pm_262.jpg
2025-09-25 08:30:08,215 - ERROR - app.detection.model - Error processing image /app/uploads/pm_262.jpg: 'AAttn' object has no attribute 'qkv'
2025-09-25 08:30:08,219 - WARNING - app.detection.analysis - Skipping image /app/uploads/pm_262.jpg due to error: Error processing image: 'AAttn' object has no attribute 'qkv'
2025-09-25 08:30:08,219 - INFO - app.detection.analysis - Processing image 4/10: /app/uploads/pm_263.jpg
2025-09-25 08:30:08,275 - INFO - app.detection.model - Starting detection for image: /app/uploads/pm_263.jpg
2025-09-25 08:30:08,814 - ERROR - app.detection.model - Error processing image /app/uploads/pm_263.jpg: 'AAttn' object has no attribute 'qkv'
2025-09-25 08:30:08,818 - WARNING - app.detection.analysis - Skipping image /app/uploads/pm_263.jpg due to error: Error processing image: 'AAttn' object has no attribute 'qkv'
2025-09-25 08:30:08,818 - INFO - app.detection.analysis - Processing image 5/10: /app/uploads/pm_264.jpg
2025-09-25 08:30:08,882 - INFO - app.detection.model - Starting detection for image: /app/uploads/pm_264.jpg
2025-09-25 08:30:09,292 - ERROR - app.detection.model - Error processing image /app/uploads/pm_264.jpg: 'AAttn' object has no attribute 'qkv'
2025-09-25 08:30:09,295 - WARNING - app.detection.analysis - Skipping image /app/uploads/pm_264.jpg due to error: Error processing image: 'AAttn' object has no attribute 'qkv'
2025-09-25 08:30:09,296 - INFO - app.detection.analysis - Processing image 6/10: /app/uploads/pm_265.jpg
2025-09-25 08:30:09,306 - INFO - app.detection.model - Starting detection for image: /app/uploads/pm_265.jpg
2025-09-25 08:30:09,793 - ERROR - app.detection.model - Error processing image /app/uploads/pm_265.jpg: 'AAttn' object has no attribute 'qkv'
2025-09-25 08:30:09,810 - WARNING - app.detection.analysis - Skipping image /app/uploads/pm_265.jpg due to error: Error processing image: 'AAttn' object has no attribute 'qkv'
2025-09-25 08:30:09,810 - INFO - app.detection.analysis - Processing image 7/10: /app/uploads/pm_266.jpg
2025-09-25 08:30:09,815 - INFO - app.detection.model - Starting detection for image: /app/uploads/pm_266.jpg
2025-09-25 08:30:10,361 - ERROR - app.detection.model - Error processing image /app/uploads/pm_266.jpg: 'AAttn' object has no attribute 'qkv'
2025-09-25 08:30:10,364 - WARNING - app.detection.analysis - Skipping image /app/uploads/pm_266.jpg due to error: Error processing image: 'AAttn' object has no attribute 'qkv'
2025-09-25 08:30:10,364 - INFO - app.detection.analysis - Processing image 8/10: /app/uploads/pm_267.jpg
2025-09-25 08:30:10,366 - INFO - app.detection.model - Starting detection for image: /app/uploads/pm_267.jpg
2025-09-25 08:30:10,725 - ERROR - app.detection.model - Error processing image /app/uploads/pm_267.jpg: 'AAttn' object has no attribute 'qkv'
2025-09-25 08:30:10,727 - WARNING - app.detection.analysis - Skipping image /app/uploads/pm_267.jpg due to error: Error processing image: 'AAttn' object has no attribute 'qkv'
2025-09-25 08:30:10,728 - INFO - app.detection.analysis - Processing image 9/10: /app/uploads/pm_268.jpg
2025-09-25 08:30:10,740 - INFO - app.detection.model - Starting detection for image: /app/uploads/pm_268.jpg
2025-09-25 08:30:11,522 - ERROR - app.detection.model - Error processing image /app/uploads/pm_268.jpg: 'AAttn' object has no attribute 'qkv'
2025-09-25 08:30:11,558 - WARNING - app.detection.analysis - Skipping image /app/uploads/pm_268.jpg due to error: Error processing image: 'AAttn' object has no attribute 'qkv'
2025-09-25 08:30:11,559 - INFO - app.detection.analysis - Processing image 10/10: /app/uploads/pm_269.jpg
2025-09-25 08:30:11,601 - INFO - app.detection.model - Starting detection for image: /app/uploads/pm_269.jpg
2025-09-25 08:30:12,362 - ERROR - app.detection.model - Error processing image /app/uploads/pm_269.jpg: 'AAttn' object has no attribute 'qkv'
2025-09-25 08:30:12,365 - WARNING - app.detection.analysis - Skipping image /app/uploads/pm_269.jpg due to error: Error processing image: 'AAttn' object has no attribute 'qkv'
2025-09-25 08:30:12,366 - INFO - app.detection.analysis - Analysis completed: Status=NEGATIVE, Total Parasites=0,No parasites detected, Total WBCs=0, Ratio=0.00
2025-09-25 08:30:12,367 - INFO - app.detection.analysis - Analysis summary: 0/10 images successfully processed
2025-09-25 08:30:12,368 - INFO - app.routes - Diagnosis completed successfully: Status=NEGATIVE
2025-09-25 08:30:12,382 - INFO - werkzeug - 192.168.65.1 - - [25/Sep/2025 08:30:12] "POST /diagnose HTTP/1.1" 200 -
2025-09-25 08:32:41,507 - INFO - app.routes - Received diagnosis request with 10 image paths
2025-09-25 08:32:41,511 - INFO - app.detection.analysis - Starting analysis for 10 images
2025-09-25 08:32:41,512 - INFO - app.detection.analysis - Processing image 1/10: /app/uploads/pf_6.jpg
2025-09-25 08:32:41,556 - INFO - app.detection.model - Starting detection for image: /app/uploads/pf_6.jpg
2025-09-25 08:32:43,251 - ERROR - app.detection.model - Error processing image /app/uploads/pf_6.jpg: 'AAttn' object has no attribute 'qkv'
2025-09-25 08:32:43,256 - WARNING - app.detection.analysis - Skipping image /app/uploads/pf_6.jpg due to error: Error processing image: 'AAttn' object has no attribute 'qkv'
2025-09-25 08:32:43,257 - INFO - app.detection.analysis - Processing image 2/10: /app/uploads/pf_7.jpg
2025-09-25 08:32:43,263 - INFO - app.detection.model - Starting detection for image: /app/uploads/pf_7.jpg
2025-09-25 08:32:44,597 - ERROR - app.detection.model - Error processing image /app/uploads/pf_7.jpg: 'AAttn' object has no attribute 'qkv'
2025-09-25 08:32:44,602 - WARNING - app.detection.analysis - Skipping image /app/uploads/pf_7.jpg due to error: Error processing image: 'AAttn' object has no attribute 'qkv'
2025-09-25 08:32:44,602 - INFO - app.detection.analysis - Processing image 3/10: /app/uploads/pf_9.jpg
2025-09-25 08:32:44,652 - INFO - app.detection.model - Starting detection for image: /app/uploads/pf_9.jpg
2025-09-25 08:32:45,201 - ERROR - app.detection.model - Error processing image /app/uploads/pf_9.jpg: 'AAttn' object has no attribute 'qkv'
2025-09-25 08:32:45,203 - WARNING - app.detection.analysis - Skipping image /app/uploads/pf_9.jpg due to error: Error processing image: 'AAttn' object has no attribute 'qkv'
2025-09-25 08:32:45,203 - INFO - app.detection.analysis - Processing image 4/10: /app/uploads/pf_50.jpg
2025-09-25 08:32:45,209 - INFO - app.detection.model - Starting detection for image: /app/uploads/pf_50.jpg
2025-09-25 08:32:45,610 - ERROR - app.detection.model - Error processing image /app/uploads/pf_50.jpg: 'AAttn' object has no attribute 'qkv'
2025-09-25 08:32:45,612 - WARNING - app.detection.analysis - Skipping image /app/uploads/pf_50.jpg due to error: Error processing image: 'AAttn' object has no attribute 'qkv'
2025-09-25 08:32:45,612 - INFO - app.detection.analysis - Processing image 5/10: /app/uploads/pf_51.jpg
2025-09-25 08:32:45,619 - INFO - app.detection.model - Starting detection for image: /app/uploads/pf_51.jpg
2025-09-25 08:32:46,007 - ERROR - app.detection.model - Error processing image /app/uploads/pf_51.jpg: 'AAttn' object has no attribute 'qkv'
2025-09-25 08:32:46,010 - WARNING - app.detection.analysis - Skipping image /app/uploads/pf_51.jpg due to error: Error processing image: 'AAttn' object has no attribute 'qkv'
2025-09-25 08:32:46,010 - INFO - app.detection.analysis - Processing image 6/10: /app/uploads/pf_51.jpg
2025-09-25 08:32:46,010 - INFO - app.detection.model - Starting detection for image: /app/uploads/pf_51.jpg
2025-09-25 08:32:46,429 - ERROR - app.detection.model - Error processing image /app/uploads/pf_51.jpg: 'AAttn' object has no attribute 'qkv'
2025-09-25 08:32:46,431 - WARNING - app.detection.analysis - Skipping image /app/uploads/pf_51.jpg due to error: Error processing image: 'AAttn' object has no attribute 'qkv'
2025-09-25 08:32:46,431 - INFO - app.detection.analysis - Processing image 7/10: /app/uploads/pf_52.jpg
2025-09-25 08:32:46,443 - INFO - app.detection.model - Starting detection for image: /app/uploads/pf_52.jpg
2025-09-25 08:32:46,898 - ERROR - app.detection.model - Error processing image /app/uploads/pf_52.jpg: 'AAttn' object has no attribute 'qkv'
2025-09-25 08:32:46,900 - WARNING - app.detection.analysis - Skipping image /app/uploads/pf_52.jpg due to error: Error processing image: 'AAttn' object has no attribute 'qkv'
2025-09-25 08:32:46,901 - INFO - app.detection.analysis - Processing image 8/10: /app/uploads/pf_53.jpg
2025-09-25 08:32:46,909 - INFO - app.detection.model - Starting detection for image: /app/uploads/pf_53.jpg
2025-09-25 08:32:47,326 - ERROR - app.detection.model - Error processing image /app/uploads/pf_53.jpg: 'AAttn' object has no attribute 'qkv'
2025-09-25 08:32:47,328 - WARNING - app.detection.analysis - Skipping image /app/uploads/pf_53.jpg due to error: Error processing image: 'AAttn' object has no attribute 'qkv'
2025-09-25 08:32:47,328 - INFO - app.detection.analysis - Processing image 9/10: /app/uploads/pf_57.jpg
2025-09-25 08:32:47,333 - INFO - app.detection.model - Starting detection for image: /app/uploads/pf_57.jpg
2025-09-25 08:32:47,716 - ERROR - app.detection.model - Error processing image /app/uploads/pf_57.jpg: 'AAttn' object has no attribute 'qkv'
2025-09-25 08:32:47,718 - WARNING - app.detection.analysis - Skipping image /app/uploads/pf_57.jpg due to error: Error processing image: 'AAttn' object has no attribute 'qkv'
2025-09-25 08:32:47,718 - INFO - app.detection.analysis - Processing image 10/10: /app/uploads/pf_58.jpg
2025-09-25 08:32:47,725 - INFO - app.detection.model - Starting detection for image: /app/uploads/pf_58.jpg
2025-09-25 08:32:48,113 - ERROR - app.detection.model - Error processing image /app/uploads/pf_58.jpg: 'AAttn' object has no attribute 'qkv'
2025-09-25 08:32:48,115 - WARNING - app.detection.analysis - Skipping image /app/uploads/pf_58.jpg due to error: Error processing image: 'AAttn' object has no attribute 'qkv'
2025-09-25 08:32:48,116 - INFO - app.detection.analysis - Analysis completed: Status=NEGATIVE, Total Parasites=0,No parasites detected, Total WBCs=0, Ratio=0.00
2025-09-25 08:32:48,116 - INFO - app.detection.analysis - Analysis summary: 0/10 images successfully processed
2025-09-25 08:32:48,116 - INFO - app.routes - Diagnosis completed successfully: Status=NEGATIVE
2025-09-25 08:32:48,123 - INFO - werkzeug - 192.168.65.1 - - [25/Sep/2025 08:32:48] "POST /diagnose HTTP/1.1" 200 -
2025-09-25 08:36:38,842 - INFO - werkzeug - 192.168.65.1 - - [25/Sep/2025 08:36:38] "[31m[1mPOST / HTTP/1.1[0m" 405 -
2025-09-25 08:36:59,637 - INFO - werkzeug - 192.168.65.1 - - [25/Sep/2025 08:36:59] "GET / HTTP/1.1" 200 -
2025-09-25 08:37:00,807 - INFO - werkzeug - 192.168.65.1 - - [25/Sep/2025 08:37:00] "[33mGET /favicon.ico HTTP/1.1[0m" 404 -
2025-09-25 08:37:07,039 - INFO - werkzeug - 192.168.65.1 - - [25/Sep/2025 08:37:07] "GET / HTTP/1.1" 200 -
2025-09-25 08:39:10,476 - INFO - app.routes - Received diagnosis request with 10 image paths
2025-09-25 08:39:10,478 - INFO - app.detection.analysis - Starting analysis for 10 images
2025-09-25 08:39:10,479 - INFO - app.detection.analysis - Processing image 1/10: /app/uploads/pf_6.jpg
2025-09-25 08:39:10,480 - INFO - app.detection.model - Starting detection for image: /app/uploads/pf_6.jpg
2025-09-25 08:39:12,334 - ERROR - app.detection.model - Error processing image /app/uploads/pf_6.jpg: 'AAttn' object has no attribute 'qkv'
2025-09-25 08:39:12,340 - WARNING - app.detection.analysis - Skipping image /app/uploads/pf_6.jpg due to error: Error processing image: 'AAttn' object has no attribute 'qkv'
2025-09-25 08:39:12,340 - INFO - app.detection.analysis - Processing image 2/10: /app/uploads/pf_7.jpg
2025-09-25 08:39:12,341 - INFO - app.detection.model - Starting detection for image: /app/uploads/pf_7.jpg
2025-09-25 08:39:12,795 - ERROR - app.detection.model - Error processing image /app/uploads/pf_7.jpg: 'AAttn' object has no attribute 'qkv'
2025-09-25 08:39:12,798 - WARNING - app.detection.analysis - Skipping image /app/uploads/pf_7.jpg due to error: Error processing image: 'AAttn' object has no attribute 'qkv'
2025-09-25 08:39:12,798 - INFO - app.detection.analysis - Processing image 3/10: /app/uploads/pf_9.jpg
2025-09-25 08:39:12,799 - INFO - app.detection.model - Starting detection for image: /app/uploads/pf_9.jpg
2025-09-25 08:39:13,171 - ERROR - app.detection.model - Error processing image /app/uploads/pf_9.jpg: 'AAttn' object has no attribute 'qkv'
2025-09-25 08:39:13,174 - WARNING - app.detection.analysis - Skipping image /app/uploads/pf_9.jpg due to error: Error processing image: 'AAttn' object has no attribute 'qkv'
2025-09-25 08:39:13,174 - INFO - app.detection.analysis - Processing image 4/10: /app/uploads/pf_50.jpg
2025-09-25 08:39:13,174 - INFO - app.detection.model - Starting detection for image: /app/uploads/pf_50.jpg
2025-09-25 08:39:13,572 - ERROR - app.detection.model - Error processing image /app/uploads/pf_50.jpg: 'AAttn' object has no attribute 'qkv'
2025-09-25 08:39:13,575 - WARNING - app.detection.analysis - Skipping image /app/uploads/pf_50.jpg due to error: Error processing image: 'AAttn' object has no attribute 'qkv'
2025-09-25 08:39:13,575 - INFO - app.detection.analysis - Processing image 5/10: /app/uploads/pf_51.jpg
2025-09-25 08:39:13,575 - INFO - app.detection.model - Starting detection for image: /app/uploads/pf_51.jpg
2025-09-25 08:39:13,959 - ERROR - app.detection.model - Error processing image /app/uploads/pf_51.jpg: 'AAttn' object has no attribute 'qkv'
2025-09-25 08:39:13,962 - WARNING - app.detection.analysis - Skipping image /app/uploads/pf_51.jpg due to error: Error processing image: 'AAttn' object has no attribute 'qkv'
2025-09-25 08:39:13,962 - INFO - app.detection.analysis - Processing image 6/10: /app/uploads/pf_51.jpg
2025-09-25 08:39:13,962 - INFO - app.detection.model - Starting detection for image: /app/uploads/pf_51.jpg
2025-09-25 08:39:14,362 - ERROR - app.detection.model - Error processing image /app/uploads/pf_51.jpg: 'AAttn' object has no attribute 'qkv'
2025-09-25 08:39:14,365 - WARNING - app.detection.analysis - Skipping image /app/uploads/pf_51.jpg due to error: Error processing image: 'AAttn' object has no attribute 'qkv'
2025-09-25 08:39:14,365 - INFO - app.detection.analysis - Processing image 7/10: /app/uploads/pf_52.jpg
2025-09-25 08:39:14,365 - INFO - app.detection.model - Starting detection for image: /app/uploads/pf_52.jpg
2025-09-25 08:39:14,766 - ERROR - app.detection.model - Error processing image /app/uploads/pf_52.jpg: 'AAttn' object has no attribute 'qkv'
2025-09-25 08:39:14,769 - WARNING - app.detection.analysis - Skipping image /app/uploads/pf_52.jpg due to error: Error processing image: 'AAttn' object has no attribute 'qkv'
2025-09-25 08:39:14,769 - INFO - app.detection.analysis - Processing image 8/10: /app/uploads/pf_53.jpg
2025-09-25 08:39:14,769 - INFO - app.detection.model - Starting detection for image: /app/uploads/pf_53.jpg
2025-09-25 08:39:15,142 - ERROR - app.detection.model - Error processing image /app/uploads/pf_53.jpg: 'AAttn' object has no attribute 'qkv'
2025-09-25 08:39:15,144 - WARNING - app.detection.analysis - Skipping image /app/uploads/pf_53.jpg due to error: Error processing image: 'AAttn' object has no attribute 'qkv'
2025-09-25 08:39:15,144 - INFO - app.detection.analysis - Processing image 9/10: /app/uploads/pf_57.jpg
2025-09-25 08:39:15,145 - INFO - app.detection.model - Starting detection for image: /app/uploads/pf_57.jpg
2025-09-25 08:39:15,519 - ERROR - app.detection.model - Error processing image /app/uploads/pf_57.jpg: 'AAttn' object has no attribute 'qkv'
2025-09-25 08:39:15,522 - WARNING - app.detection.analysis - Skipping image /app/uploads/pf_57.jpg due to error: Error processing image: 'AAttn' object has no attribute 'qkv'
2025-09-25 08:39:15,522 - INFO - app.detection.analysis - Processing image 10/10: /app/uploads/pf_58.jpg
2025-09-25 08:39:15,522 - INFO - app.detection.model - Starting detection for image: /app/uploads/pf_58.jpg
2025-09-25 08:39:15,888 - ERROR - app.detection.model - Error processing image /app/uploads/pf_58.jpg: 'AAttn' object has no attribute 'qkv'
2025-09-25 08:39:15,891 - WARNING - app.detection.analysis - Skipping image /app/uploads/pf_58.jpg due to error: Error processing image: 'AAttn' object has no attribute 'qkv'
2025-09-25 08:39:15,891 - INFO - app.detection.analysis - Analysis completed: Status=NEGATIVE, Total Parasites=0,No parasites detected, Total WBCs=0, Ratio=0.00
2025-09-25 08:39:15,891 - INFO - app.detection.analysis - Analysis summary: 0/10 images successfully processed
2025-09-25 08:39:15,891 - INFO - app.routes - Diagnosis completed successfully: Status=NEGATIVE
2025-09-25 08:39:15,894 - INFO - werkzeug - 192.168.65.1 - - [25/Sep/2025 08:39:15] "POST /diagnose HTTP/1.1" 200 -
2025-09-25 08:39:43,825 - INFO - app.routes - Received diagnosis request with 10 image paths
2025-09-25 08:39:43,827 - INFO - app.detection.analysis - Starting analysis for 10 images
2025-09-25 08:39:43,828 - INFO - app.detection.analysis - Processing image 1/10: /app/uploads/pm_260.jpg
2025-09-25 08:39:43,828 - INFO - app.detection.model - Starting detection for image: /app/uploads/pm_260.jpg
2025-09-25 08:39:44,506 - ERROR - app.detection.model - Error processing image /app/uploads/pm_260.jpg: 'AAttn' object has no attribute 'qkv'
2025-09-25 08:39:44,512 - WARNING - app.detection.analysis - Skipping image /app/uploads/pm_260.jpg due to error: Error processing image: 'AAttn' object has no attribute 'qkv'
2025-09-25 08:39:44,512 - INFO - app.detection.analysis - Processing image 2/10: /app/uploads/pm_261.jpg
2025-09-25 08:39:44,513 - INFO - app.detection.model - Starting detection for image: /app/uploads/pm_261.jpg
2025-09-25 08:39:44,807 - ERROR - app.detection.model - Error processing image /app/uploads/pm_261.jpg: 'AAttn' object has no attribute 'qkv'
2025-09-25 08:39:44,811 - WARNING - app.detection.analysis - Skipping image /app/uploads/pm_261.jpg due to error: Error processing image: 'AAttn' object has no attribute 'qkv'
2025-09-25 08:39:44,812 - INFO - app.detection.analysis - Processing image 3/10: /app/uploads/pm_262.jpg
2025-09-25 08:39:44,812 - INFO - app.detection.model - Starting detection for image: /app/uploads/pm_262.jpg
2025-09-25 08:39:45,107 - ERROR - app.detection.model - Error processing image /app/uploads/pm_262.jpg: 'AAttn' object has no attribute 'qkv'
2025-09-25 08:39:45,112 - WARNING - app.detection.analysis - Skipping image /app/uploads/pm_262.jpg due to error: Error processing image: 'AAttn' object has no attribute 'qkv'
2025-09-25 08:39:45,112 - INFO - app.detection.analysis - Processing image 4/10: /app/uploads/pm_263.jpg
2025-09-25 08:39:45,112 - INFO - app.detection.model - Starting detection for image: /app/uploads/pm_263.jpg
2025-09-25 08:39:45,404 - ERROR - app.detection.model - Error processing image /app/uploads/pm_263.jpg: 'AAttn' object has no attribute 'qkv'
2025-09-25 08:39:45,408 - WARNING - app.detection.analysis - Skipping image /app/uploads/pm_263.jpg due to error: Error processing image: 'AAttn' object has no attribute 'qkv'
2025-09-25 08:39:45,408 - INFO - app.detection.analysis - Processing image 5/10: /app/uploads/pm_264.jpg
2025-09-25 08:39:45,409 - INFO - app.detection.model - Starting detection for image: /app/uploads/pm_264.jpg
2025-09-25 08:39:45,700 - ERROR - app.detection.model - Error processing image /app/uploads/pm_264.jpg: 'AAttn' object has no attribute 'qkv'
2025-09-25 08:39:45,704 - WARNING - app.detection.analysis - Skipping image /app/uploads/pm_264.jpg due to error: Error processing image: 'AAttn' object has no attribute 'qkv'
2025-09-25 08:39:45,704 - INFO - app.detection.analysis - Processing image 6/10: /app/uploads/pm_265.jpg
2025-09-25 08:39:45,704 - INFO - app.detection.model - Starting detection for image: /app/uploads/pm_265.jpg
2025-09-25 08:39:45,978 - ERROR - app.detection.model - Error processing image /app/uploads/pm_265.jpg: 'AAttn' object has no attribute 'qkv'
2025-09-25 08:39:45,983 - WARNING - app.detection.analysis - Skipping image /app/uploads/pm_265.jpg due to error: Error processing image: 'AAttn' object has no attribute 'qkv'
2025-09-25 08:39:45,984 - INFO - app.detection.analysis - Processing image 7/10: /app/uploads/pm_266.jpg
2025-09-25 08:39:45,984 - INFO - app.detection.model - Starting detection for image: /app/uploads/pm_266.jpg
2025-09-25 08:39:46,299 - ERROR - app.detection.model - Error processing image /app/uploads/pm_266.jpg: 'AAttn' object has no attribute 'qkv'
2025-09-25 08:39:46,302 - WARNING - app.detection.analysis - Skipping image /app/uploads/pm_266.jpg due to error: Error processing image: 'AAttn' object has no attribute 'qkv'
2025-09-25 08:39:46,303 - INFO - app.detection.analysis - Processing image 8/10: /app/uploads/pm_267.jpg
2025-09-25 08:39:46,303 - INFO - app.detection.model - Starting detection for image: /app/uploads/pm_267.jpg
2025-09-25 08:39:46,596 - ERROR - app.detection.model - Error processing image /app/uploads/pm_267.jpg: 'AAttn' object has no attribute 'qkv'
2025-09-25 08:39:46,599 - WARNING - app.detection.analysis - Skipping image /app/uploads/pm_267.jpg due to error: Error processing image: 'AAttn' object has no attribute 'qkv'
2025-09-25 08:39:46,599 - INFO - app.detection.analysis - Processing image 9/10: /app/uploads/pm_268.jpg
2025-09-25 08:39:46,600 - INFO - app.detection.model - Starting detection for image: /app/uploads/pm_268.jpg
2025-09-25 08:39:46,892 - ERROR - app.detection.model - Error processing image /app/uploads/pm_268.jpg: 'AAttn' object has no attribute 'qkv'
2025-09-25 08:39:46,896 - WARNING - app.detection.analysis - Skipping image /app/uploads/pm_268.jpg due to error: Error processing image: 'AAttn' object has no attribute 'qkv'
2025-09-25 08:39:46,897 - INFO - app.detection.analysis - Processing image 10/10: /app/uploads/pm_269.jpg
2025-09-25 08:39:46,897 - INFO - app.detection.model - Starting detection for image: /app/uploads/pm_269.jpg
2025-09-25 08:39:47,188 - ERROR - app.detection.model - Error processing image /app/uploads/pm_269.jpg: 'AAttn' object has no attribute 'qkv'
2025-09-25 08:39:47,192 - WARNING - app.detection.analysis - Skipping image /app/uploads/pm_269.jpg due to error: Error processing image: 'AAttn' object has no attribute 'qkv'
2025-09-25 08:39:47,193 - INFO - app.detection.analysis - Analysis completed: Status=NEGATIVE, Total Parasites=0,No parasites detected, Total WBCs=0, Ratio=0.00
2025-09-25 08:39:47,193 - INFO - app.detection.analysis - Analysis summary: 0/10 images successfully processed
2025-09-25 08:39:47,193 - INFO - app.routes - Diagnosis completed successfully: Status=NEGATIVE
2025-09-25 08:39:47,194 - INFO - werkzeug - 192.168.65.1 - - [25/Sep/2025 08:39:47] "POST /diagnose HTTP/1.1" 200 -
2025-09-25 08:51:16,583 - INFO - werkzeug - 192.168.65.1 - - [25/Sep/2025 08:51:16] "[31m[1mGET /diagnose HTTP/1.1[0m" 405 -
2025-09-25 08:51:34,434 - INFO - werkzeug - 192.168.65.1 - - [25/Sep/2025 08:51:34] "[31m[1mGET /diagnose HTTP/1.1[0m" 405 -
2025-09-25 08:51:40,302 - INFO - app.routes - Received diagnosis request with 10 image paths
2025-09-25 08:51:40,303 - INFO - app.detection.analysis - Starting analysis for 10 images
2025-09-25 08:51:40,303 - INFO - app.detection.analysis - Processing image 1/10: /app/uploads/pm_260.jpg
2025-09-25 08:51:40,304 - INFO - app.detection.model - Starting detection for image: /app/uploads/pm_260.jpg
2025-09-25 08:51:41,133 - ERROR - app.detection.model - Error processing image /app/uploads/pm_260.jpg: 'AAttn' object has no attribute 'qkv'
2025-09-25 08:51:41,138 - WARNING - app.detection.analysis - Skipping image /app/uploads/pm_260.jpg due to error: Error processing image: 'AAttn' object has no attribute 'qkv'
2025-09-25 08:51:41,138 - INFO - app.detection.analysis - Processing image 2/10: /app/uploads/pm_261.jpg
2025-09-25 08:51:41,138 - INFO - app.detection.model - Starting detection for image: /app/uploads/pm_261.jpg
2025-09-25 08:51:41,747 - ERROR - app.detection.model - Error processing image /app/uploads/pm_261.jpg: 'AAttn' object has no attribute 'qkv'
2025-09-25 08:51:41,751 - WARNING - app.detection.analysis - Skipping image /app/uploads/pm_261.jpg due to error: Error processing image: 'AAttn' object has no attribute 'qkv'
2025-09-25 08:51:41,751 - INFO - app.detection.analysis - Processing image 3/10: /app/uploads/pm_262.jpg
2025-09-25 08:51:41,751 - INFO - app.detection.model - Starting detection for image: /app/uploads/pm_262.jpg
2025-09-25 08:51:42,231 - ERROR - app.detection.model - Error processing image /app/uploads/pm_262.jpg: 'AAttn' object has no attribute 'qkv'
2025-09-25 08:51:42,236 - WARNING - app.detection.analysis - Skipping image /app/uploads/pm_262.jpg due to error: Error processing image: 'AAttn' object has no attribute 'qkv'
2025-09-25 08:51:42,236 - INFO - app.detection.analysis - Processing image 4/10: /app/uploads/pm_263.jpg
2025-09-25 08:51:42,236 - INFO - app.detection.model - Starting detection for image: /app/uploads/pm_263.jpg
2025-09-25 08:51:42,563 - ERROR - app.detection.model - Error processing image /app/uploads/pm_263.jpg: 'AAttn' object has no attribute 'qkv'
2025-09-25 08:51:42,567 - WARNING - app.detection.analysis - Skipping image /app/uploads/pm_263.jpg due to error: Error processing image: 'AAttn' object has no attribute 'qkv'
2025-09-25 08:51:42,567 - INFO - app.detection.analysis - Processing image 5/10: /app/uploads/pm_264.jpg
2025-09-25 08:51:42,568 - INFO - app.detection.model - Starting detection for image: /app/uploads/pm_264.jpg
2025-09-25 08:51:42,888 - ERROR - app.detection.model - Error processing image /app/uploads/pm_264.jpg: 'AAttn' object has no attribute 'qkv'
2025-09-25 08:51:42,892 - WARNING - app.detection.analysis - Skipping image /app/uploads/pm_264.jpg due to error: Error processing image: 'AAttn' object has no attribute 'qkv'
2025-09-25 08:51:42,892 - INFO - app.detection.analysis - Processing image 6/10: /app/uploads/pm_265.jpg
2025-09-25 08:51:42,893 - INFO - app.detection.model - Starting detection for image: /app/uploads/pm_265.jpg
2025-09-25 08:51:43,198 - ERROR - app.detection.model - Error processing image /app/uploads/pm_265.jpg: 'AAttn' object has no attribute 'qkv'
2025-09-25 08:51:43,203 - WARNING - app.detection.analysis - Skipping image /app/uploads/pm_265.jpg due to error: Error processing image: 'AAttn' object has no attribute 'qkv'
2025-09-25 08:51:43,203 - INFO - app.detection.analysis - Processing image 7/10: /app/uploads/pm_266.jpg
2025-09-25 08:51:43,203 - INFO - app.detection.model - Starting detection for image: /app/uploads/pm_266.jpg
2025-09-25 08:51:43,495 - ERROR - app.detection.model - Error processing image /app/uploads/pm_266.jpg: 'AAttn' object has no attribute 'qkv'
2025-09-25 08:51:43,499 - WARNING - app.detection.analysis - Skipping image /app/uploads/pm_266.jpg due to error: Error processing image: 'AAttn' object has no attribute 'qkv'
2025-09-25 08:51:43,499 - INFO - app.detection.analysis - Processing image 8/10: /app/uploads/pm_267.jpg
2025-09-25 08:51:43,500 - INFO - app.detection.model - Starting detection for image: /app/uploads/pm_267.jpg
2025-09-25 08:51:43,886 - ERROR - app.detection.model - Error processing image /app/uploads/pm_267.jpg: 'AAttn' object has no attribute 'qkv'
2025-09-25 08:51:43,898 - WARNING - app.detection.analysis - Skipping image /app/uploads/pm_267.jpg due to error: Error processing image: 'AAttn' object has no attribute 'qkv'
2025-09-25 08:51:43,899 - INFO - app.detection.analysis - Processing image 9/10: /app/uploads/pm_268.jpg
2025-09-25 08:51:43,899 - INFO - app.detection.model - Starting detection for image: /app/uploads/pm_268.jpg
2025-09-25 08:51:44,275 - ERROR - app.detection.model - Error processing image /app/uploads/pm_268.jpg: 'AAttn' object has no attribute 'qkv'
2025-09-25 08:51:44,280 - WARNING - app.detection.analysis - Skipping image /app/uploads/pm_268.jpg due to error: Error processing image: 'AAttn' object has no attribute 'qkv'
2025-09-25 08:51:44,281 - INFO - app.detection.analysis - Processing image 10/10: /app/uploads/pm_269.jpg
2025-09-25 08:51:44,281 - INFO - app.detection.model - Starting detection for image: /app/uploads/pm_269.jpg
2025-09-25 08:51:44,600 - ERROR - app.detection.model - Error processing image /app/uploads/pm_269.jpg: 'AAttn' object has no attribute 'qkv'
2025-09-25 08:51:44,604 - WARNING - app.detection.analysis - Skipping image /app/uploads/pm_269.jpg due to error: Error processing image: 'AAttn' object has no attribute 'qkv'
2025-09-25 08:51:44,604 - INFO - app.detection.analysis - Analysis completed: Status=NEGATIVE, Total Parasites=0,No parasites detected, Total WBCs=0, Ratio=0.00
2025-09-25 08:51:44,605 - INFO - app.detection.analysis - Analysis summary: 0/10 images successfully processed
2025-09-25 08:51:44,605 - INFO - app.routes - Diagnosis completed successfully: Status=NEGATIVE
2025-09-25 08:51:44,608 - INFO - werkzeug - 192.168.65.1 - - [25/Sep/2025 08:51:44] "POST /diagnose HTTP/1.1" 200 -
2025-09-25 10:58:12,987 - INFO - root - Logging configuration completed
2025-09-25 10:58:13,037 - ERROR - app.detection.model - Failed to load YOLO model: Can't get attribute 'C3k2' on <module 'ultralytics.nn.modules.block' from '/opt/miniconda3/envs/DiagnosisApi_Env/lib/python3.12/site-packages/ultralytics/nn/modules/block.py'>
2025-09-25 11:04:55,172 - INFO - root - Logging configuration completed
2025-09-25 11:04:55,175 - ERROR - app.detection.model - Failed to load YOLO model: Model file not found at app/models/trained_on_2530_dset
2025-09-25 11:06:36,401 - INFO - root - Logging configuration completed
2025-09-25 11:06:36,448 - ERROR - app.detection.model - Failed to load YOLO model: Can't get attribute 'SCDown' on <module 'ultralytics.nn.modules.block' from '/opt/miniconda3/envs/DiagnosisApi_Env/lib/python3.12/site-packages/ultralytics/nn/modules/block.py'>
2025-09-25 11:08:19,346 - INFO - root - Logging configuration completed
2025-09-25 11:08:19,355 - ERROR - app.detection.model - Failed to load YOLO model: Weights only load failed. This file can still be loaded, to do so you have two options, [1mdo those steps only if you trust the source of the checkpoint[0m. 
	(1) In PyTorch 2.6, we changed the default value of the `weights_only` argument in `torch.load` from `False` to `True`. Re-running `torch.load` with `weights_only` set to `False` will likely succeed, but it can result in arbitrary code execution. Do it only if you got the file from a trusted source.
	(2) Alternatively, to load with `weights_only=True` please check the recommended steps in the following error message.
	WeightsUnpickler error: Unsupported global: GLOBAL ultralytics.nn.tasks.DetectionModel was not an allowed global by default. Please use `torch.serialization.add_safe_globals([ultralytics.nn.tasks.DetectionModel])` or the `torch.serialization.safe_globals([ultralytics.nn.tasks.DetectionModel])` context manager to allowlist this global if you trust this class/function.

Check the documentation of torch.load to learn more about types accepted by default with weights_only https://pytorch.org/docs/stable/generated/torch.load.html.
2025-09-25 11:11:51,190 - INFO - root - Logging configuration completed
2025-09-25 11:11:51,210 - ERROR - app.detection.model - Failed to load YOLO model: Weights only load failed. This file can still be loaded, to do so you have two options, [1mdo those steps only if you trust the source of the checkpoint[0m. 
	(1) In PyTorch 2.6, we changed the default value of the `weights_only` argument in `torch.load` from `False` to `True`. Re-running `torch.load` with `weights_only` set to `False` will likely succeed, but it can result in arbitrary code execution. Do it only if you got the file from a trusted source.
	(2) Alternatively, to load with `weights_only=True` please check the recommended steps in the following error message.
	WeightsUnpickler error: Unsupported global: GLOBAL ultralytics.nn.tasks.DetectionModel was not an allowed global by default. Please use `torch.serialization.add_safe_globals([ultralytics.nn.tasks.DetectionModel])` or the `torch.serialization.safe_globals([ultralytics.nn.tasks.DetectionModel])` context manager to allowlist this global if you trust this class/function.

Check the documentation of torch.load to learn more about types accepted by default with weights_only https://pytorch.org/docs/stable/generated/torch.load.html.
2025-09-25 11:15:15,639 - INFO - root - Logging configuration completed
2025-09-25 11:15:15,647 - ERROR - app.detection.model - Failed to load YOLO model: 'str' object has no attribute '__module__'
2025-09-25 11:20:29,076 - INFO - root - Logging configuration completed
2025-09-25 11:20:29,086 - ERROR - app.detection.model - Failed to load YOLO model: Can't get attribute 'SCDown' on <module 'ultralytics.nn.modules.block' from '/opt/miniconda3/envs/DiagnosisApi_Env/lib/python3.12/site-packages/ultralytics/nn/modules/block.py'>
2025-09-25 11:22:31,565 - INFO - root - Logging configuration completed
2025-09-25 11:22:31,641 - INFO - app.detection.model - Successfully loaded YOLO model from app/models/malaria_yolov10.pt
2025-09-25 11:22:31,642 - INFO - app - Flask application initialized successfully
2025-09-25 11:22:36,651 - INFO - werkzeug - [31m[1mWARNING: This is a development server. Do not use it in a production deployment. Use a production WSGI server instead.[0m
 * Running on all addresses (0.0.0.0)
 * Running on http://127.0.0.1:5000
 * Running on http://172.20.10.3:5000
2025-09-25 11:22:36,651 - INFO - werkzeug - [33mPress CTRL+C to quit[0m
2025-09-25 09:25:07,524 - INFO - root - Logging configuration completed
2025-09-25 09:25:07,662 - INFO - app.detection.model - Successfully loaded YOLO model from app/models/malaria_yolov10.pt
2025-09-25 09:25:07,663 - INFO - app - Flask application initialized successfully
2025-09-25 09:25:07,666 - INFO - werkzeug - [31m[1mWARNING: This is a development server. Do not use it in a production deployment. Use a production WSGI server instead.[0m
 * Running on all addresses (0.0.0.0)
 * Running on http://127.0.0.1:5000
 * Running on http://172.24.0.5:5000
2025-09-25 09:25:07,666 - INFO - werkzeug - [33mPress CTRL+C to quit[0m
2025-09-25 09:29:02,613 - INFO - app.routes - Received diagnosis request with 10 image paths
2025-09-25 09:29:02,620 - INFO - app.detection.analysis - Starting analysis for 10 images
2025-09-25 09:29:02,620 - INFO - app.detection.analysis - Processing image 1/10: /app/uploads/pm_260.jpg
2025-09-25 09:29:02,622 - INFO - app.detection.model - Starting detection for image: /app/uploads/pm_260.jpg
2025-09-25 09:29:03,356 - INFO - app.detection.analysis - Processing image 2/10: /app/uploads/pm_261.jpg
2025-09-25 09:29:03,357 - INFO - app.detection.model - Starting detection for image: /app/uploads/pm_261.jpg
2025-09-25 09:29:03,739 - INFO - app.detection.analysis - Processing image 3/10: /app/uploads/pm_262.jpg
2025-09-25 09:29:03,739 - INFO - app.detection.model - Starting detection for image: /app/uploads/pm_262.jpg
2025-09-25 09:29:04,012 - INFO - app.detection.analysis - Processing image 4/10: /app/uploads/pm_263.jpg
2025-09-25 09:29:04,013 - INFO - app.detection.model - Starting detection for image: /app/uploads/pm_263.jpg
2025-09-25 09:29:04,307 - INFO - app.detection.analysis - Processing image 5/10: /app/uploads/pm_264.jpg
2025-09-25 09:29:04,308 - INFO - app.detection.model - Starting detection for image: /app/uploads/pm_264.jpg
2025-09-25 09:29:04,565 - INFO - app.detection.analysis - Processing image 6/10: /app/uploads/pm_265.jpg
2025-09-25 09:29:04,565 - INFO - app.detection.model - Starting detection for image: /app/uploads/pm_265.jpg
2025-09-25 09:29:04,809 - INFO - app.detection.model - Detection completed for /app/uploads/pm_265.jpg: No parasites detected, 0 WBCs
2025-09-25 09:29:04,809 - INFO - app.detection.analysis - Processing image 7/10: /app/uploads/pm_266.jpg
2025-09-25 09:29:04,810 - INFO - app.detection.model - Starting detection for image: /app/uploads/pm_266.jpg
2025-09-25 09:29:05,053 - INFO - app.detection.analysis - Processing image 8/10: /app/uploads/pm_267.jpg
2025-09-25 09:29:05,054 - INFO - app.detection.model - Starting detection for image: /app/uploads/pm_267.jpg
2025-09-25 09:29:05,313 - INFO - app.detection.model - Detection completed for /app/uploads/pm_267.jpg: No parasites detected, 0 WBCs
2025-09-25 09:29:05,313 - INFO - app.detection.analysis - Processing image 9/10: /app/uploads/pm_268.jpg
2025-09-25 09:29:05,314 - INFO - app.detection.model - Starting detection for image: /app/uploads/pm_268.jpg
2025-09-25 09:29:05,554 - INFO - app.detection.analysis - Processing image 10/10: /app/uploads/pm_269.jpg
2025-09-25 09:29:05,554 - INFO - app.detection.model - Starting detection for image: /app/uploads/pm_269.jpg
2025-09-25 09:29:05,799 - INFO - app.detection.model - Detection completed for /app/uploads/pm_269.jpg: No parasites detected, 0 WBCs
2025-09-25 09:29:05,799 - INFO - app.detection.analysis - Analysis completed: Status=POSITIVE, Total Parasites=12,{'Most Probable Parasite': 'PM', 'Confidence level': '0.86'}, Total WBCs=6, Ratio=2.00
2025-09-25 09:29:05,799 - INFO - app.detection.analysis - Analysis summary: 10/10 images successfully processed
2025-09-25 09:29:05,799 - INFO - app.routes - Diagnosis completed successfully: Status=POSITIVE
2025-09-25 09:29:05,808 - INFO - werkzeug - 192.168.65.1 - - [25/Sep/2025 09:29:05] "POST /diagnose HTTP/1.1" 200 -
2025-09-25 09:33:33,817 - INFO - app.routes - Received diagnosis request with 10 image paths
2025-09-25 09:33:33,819 - INFO - app.detection.analysis - Starting analysis for 10 images
2025-09-25 09:33:33,820 - INFO - app.detection.analysis - Processing image 1/10: /app/uploads/pm_2609.jpg
2025-09-25 09:33:33,822 - ERROR - app.detection.model - Error processing image /app/uploads/pm_2609.jpg: Image not found at /app/uploads/pm_2609.jpg
2025-09-25 09:33:33,822 - WARNING - app.detection.analysis - Skipping image /app/uploads/pm_2609.jpg due to error: Error processing image: Image not found at /app/uploads/pm_2609.jpg
2025-09-25 09:33:33,822 - INFO - app.detection.analysis - Processing image 2/10: /app/uploads/pm_261.jpg
2025-09-25 09:33:33,822 - INFO - app.detection.model - Starting detection for image: /app/uploads/pm_261.jpg
2025-09-25 09:33:34,180 - INFO - app.detection.analysis - Processing image 3/10: /app/uploads/pm_262.jpg
2025-09-25 09:33:34,180 - INFO - app.detection.model - Starting detection for image: /app/uploads/pm_262.jpg
2025-09-25 09:33:34,444 - INFO - app.detection.analysis - Processing image 4/10: /app/uploads/pm_263.jpg
2025-09-25 09:33:34,444 - INFO - app.detection.model - Starting detection for image: /app/uploads/pm_263.jpg
2025-09-25 09:33:34,689 - INFO - app.detection.analysis - Processing image 5/10: /app/uploads/pm_264.jpg
2025-09-25 09:33:34,689 - INFO - app.detection.model - Starting detection for image: /app/uploads/pm_264.jpg
2025-09-25 09:33:34,945 - INFO - app.detection.analysis - Processing image 6/10: /app/uploads/pm_265.jpg
2025-09-25 09:33:34,945 - INFO - app.detection.model - Starting detection for image: /app/uploads/pm_265.jpg
2025-09-25 09:33:35,180 - INFO - app.detection.model - Detection completed for /app/uploads/pm_265.jpg: No parasites detected, 0 WBCs
2025-09-25 09:33:35,180 - INFO - app.detection.analysis - Processing image 7/10: /app/uploads/pm_266.jpg
2025-09-25 09:33:35,180 - INFO - app.detection.model - Starting detection for image: /app/uploads/pm_266.jpg
2025-09-25 09:33:35,417 - INFO - app.detection.analysis - Processing image 8/10: /app/uploads/pm_267.jpg
2025-09-25 09:33:35,418 - INFO - app.detection.model - Starting detection for image: /app/uploads/pm_267.jpg
2025-09-25 09:33:35,650 - INFO - app.detection.model - Detection completed for /app/uploads/pm_267.jpg: No parasites detected, 0 WBCs
2025-09-25 09:33:35,650 - INFO - app.detection.analysis - Processing image 9/10: /app/uploads/pm_268.jpg
2025-09-25 09:33:35,650 - INFO - app.detection.model - Starting detection for image: /app/uploads/pm_268.jpg
2025-09-25 09:33:35,898 - INFO - app.detection.analysis - Processing image 10/10: /app/uploads/pm_269.jpg
2025-09-25 09:33:35,899 - INFO - app.detection.model - Starting detection for image: /app/uploads/pm_269.jpg
2025-09-25 09:33:36,161 - INFO - app.detection.model - Detection completed for /app/uploads/pm_269.jpg: No parasites detected, 0 WBCs
2025-09-25 09:33:36,161 - INFO - app.detection.analysis - Analysis completed: Status=POSITIVE, Total Parasites=10,{'Most Probable Parasite': 'PM', 'Confidence level': '0.86'}, Total WBCs=3, Ratio=3.33
2025-09-25 09:33:36,161 - INFO - app.detection.analysis - Analysis summary: 9/10 images successfully processed
2025-09-25 09:33:36,161 - INFO - app.routes - Diagnosis completed successfully: Status=POSITIVE
2025-09-25 09:33:36,163 - INFO - werkzeug - 192.168.65.1 - - [25/Sep/2025 09:33:36] "POST /diagnose HTTP/1.1" 200 -
2025-09-25 09:38:26,102 - INFO - app.routes - Received diagnosis request with 10 image paths
2025-09-25 09:38:26,107 - INFO - app.detection.analysis - Starting analysis for 10 images
2025-09-25 09:38:26,107 - INFO - app.detection.analysis - Processing image 1/10: /app/uploads/pm_2609.jpg
2025-09-25 09:38:26,108 - ERROR - app.detection.model - Error processing image /app/uploads/pm_2609.jpg: Image not found at /app/uploads/pm_2609.jpg
2025-09-25 09:38:26,108 - WARNING - app.detection.analysis - Skipping image /app/uploads/pm_2609.jpg due to error: Error processing image: Image not found at /app/uploads/pm_2609.jpg
2025-09-25 09:38:26,108 - INFO - app.detection.analysis - Processing image 2/10: /app/uploads/pm_261.jpg
2025-09-25 09:38:26,109 - INFO - app.detection.model - Starting detection for image: /app/uploads/pm_261.jpg
2025-09-25 09:38:26,493 - INFO - app.detection.analysis - Processing image 3/10: /app/uploads/pm_262.jpg
2025-09-25 09:38:26,493 - INFO - app.detection.model - Starting detection for image: /app/uploads/pm_262.jpg
2025-09-25 09:38:26,753 - INFO - app.detection.analysis - Processing image 4/10: /app/uploads/pm_263.jpg
2025-09-25 09:38:26,754 - INFO - app.detection.model - Starting detection for image: /app/uploads/pm_263.jpg
2025-09-25 09:38:27,043 - INFO - app.detection.analysis - Processing image 5/10: /app/uploads/pm_264.jpg
2025-09-25 09:38:27,043 - INFO - app.detection.model - Starting detection for image: /app/uploads/pm_264.jpg
2025-09-25 09:38:27,376 - INFO - app.detection.analysis - Processing image 6/10: /app/uploads/pm_265.jpg
2025-09-25 09:38:27,376 - INFO - app.detection.model - Starting detection for image: /app/uploads/pm_265.jpg
2025-09-25 09:38:27,621 - INFO - app.detection.model - Detection completed for /app/uploads/pm_265.jpg: No parasites detected, 0 WBCs
2025-09-25 09:38:27,622 - INFO - app.detection.analysis - Processing image 7/10: /app/uploads/pm_266.jpg
2025-09-25 09:38:27,622 - INFO - app.detection.model - Starting detection for image: /app/uploads/pm_266.jpg
2025-09-25 09:38:27,864 - INFO - app.detection.analysis - Processing image 8/10: /app/uploads/pm_267.jpg
2025-09-25 09:38:27,865 - INFO - app.detection.model - Starting detection for image: /app/uploads/pm_267.jpg
2025-09-25 09:38:28,195 - INFO - app.detection.model - Detection completed for /app/uploads/pm_267.jpg: No parasites detected, 0 WBCs
2025-09-25 09:38:28,196 - INFO - app.detection.analysis - Processing image 9/10: /app/uploads/pm_268.jpg
2025-09-25 09:38:28,196 - INFO - app.detection.model - Starting detection for image: /app/uploads/pm_268.jpg
2025-09-25 09:38:28,497 - INFO - app.detection.analysis - Processing image 10/10: /app/uploads/pm_269.jpg
2025-09-25 09:38:28,498 - INFO - app.detection.model - Starting detection for image: /app/uploads/pm_269.jpg
2025-09-25 09:38:28,754 - INFO - app.detection.model - Detection completed for /app/uploads/pm_269.jpg: No parasites detected, 0 WBCs
2025-09-25 09:38:28,754 - INFO - app.detection.analysis - Analysis completed: Status=POSITIVE, Total Parasites=10,{'Most Probable Parasite': 'PM', 'Confidence level': '0.86'}, Total WBCs=3, Ratio=3.33
2025-09-25 09:38:28,754 - INFO - app.detection.analysis - Analysis summary: 9/10 images successfully processed
2025-09-25 09:38:28,754 - INFO - app.routes - Diagnosis completed successfully: Status=POSITIVE
2025-09-25 09:38:28,756 - INFO - werkzeug - 192.168.65.1 - - [25/Sep/2025 09:38:28] "POST /diagnose HTTP/1.1" 200 -
2025-09-25 09:38:35,923 - INFO - app.routes - Received diagnosis request with 10 image paths
2025-09-25 09:38:35,924 - INFO - app.detection.analysis - Starting analysis for 10 images
2025-09-25 09:38:35,924 - INFO - app.detection.analysis - Processing image 1/10: /app/uploads/pm_2609.jpg
2025-09-25 09:38:35,924 - ERROR - app.detection.model - Error processing image /app/uploads/pm_2609.jpg: Image not found at /app/uploads/pm_2609.jpg
2025-09-25 09:38:35,924 - WARNING - app.detection.analysis - Skipping image /app/uploads/pm_2609.jpg due to error: Error processing image: Image not found at /app/uploads/pm_2609.jpg
2025-09-25 09:38:35,925 - INFO - app.detection.analysis - Processing image 2/10: /app/uploads/pm_261.jpg
2025-09-25 09:38:35,925 - INFO - app.detection.model - Starting detection for image: /app/uploads/pm_261.jpg
2025-09-25 09:38:36,224 - INFO - app.detection.analysis - Processing image 3/10: /app/uploads/pm_262.jpg
2025-09-25 09:38:36,224 - INFO - app.detection.model - Starting detection for image: /app/uploads/pm_262.jpg
2025-09-25 09:38:36,488 - INFO - app.detection.analysis - Processing image 4/10: /app/uploads/pm_263.jpg
2025-09-25 09:38:36,488 - INFO - app.detection.model - Starting detection for image: /app/uploads/pm_263.jpg
2025-09-25 09:38:36,735 - INFO - app.detection.analysis - Processing image 5/10: /app/uploads/pm_264.jpg
2025-09-25 09:38:36,735 - INFO - app.detection.model - Starting detection for image: /app/uploads/pm_264.jpg
2025-09-25 09:38:37,018 - INFO - app.detection.analysis - Processing image 6/10: /app/uploads/pm_265.jpg
2025-09-25 09:38:37,018 - INFO - app.detection.model - Starting detection for image: /app/uploads/pm_265.jpg
2025-09-25 09:38:37,301 - INFO - app.detection.model - Detection completed for /app/uploads/pm_265.jpg: No parasites detected, 0 WBCs
2025-09-25 09:38:37,301 - INFO - app.detection.analysis - Processing image 7/10: /app/uploads/pm_266.jpg
2025-09-25 09:38:37,301 - INFO - app.detection.model - Starting detection for image: /app/uploads/pm_266.jpg
2025-09-25 09:38:37,568 - INFO - app.detection.analysis - Processing image 8/10: /app/uploads/pm_267.jpg
2025-09-25 09:38:37,568 - INFO - app.detection.model - Starting detection for image: /app/uploads/pm_267.jpg
2025-09-25 09:38:37,835 - INFO - app.detection.model - Detection completed for /app/uploads/pm_267.jpg: No parasites detected, 0 WBCs
2025-09-25 09:38:37,836 - INFO - app.detection.analysis - Processing image 9/10: /app/uploads/pm_268.jpg
2025-09-25 09:38:37,836 - INFO - app.detection.model - Starting detection for image: /app/uploads/pm_268.jpg
2025-09-25 09:38:38,075 - INFO - app.detection.analysis - Processing image 10/10: /app/uploads/pm_269.jpg
2025-09-25 09:38:38,076 - INFO - app.detection.model - Starting detection for image: /app/uploads/pm_269.jpg
2025-09-25 09:38:38,311 - INFO - app.detection.model - Detection completed for /app/uploads/pm_269.jpg: No parasites detected, 0 WBCs
2025-09-25 09:38:38,311 - INFO - app.detection.analysis - Analysis completed: Status=POSITIVE, Total Parasites=10,{'Most Probable Parasite': 'PM', 'Confidence level': '0.86'}, Total WBCs=3, Ratio=3.33
2025-09-25 09:38:38,311 - INFO - app.detection.analysis - Analysis summary: 9/10 images successfully processed
2025-09-25 09:38:38,311 - INFO - app.routes - Diagnosis completed successfully: Status=POSITIVE
2025-09-25 09:38:38,312 - INFO - werkzeug - 192.168.65.1 - - [25/Sep/2025 09:38:38] "POST /diagnose HTTP/1.1" 200 -
2025-09-25 09:38:39,522 - INFO - app.routes - Received diagnosis request with 10 image paths
2025-09-25 09:38:39,523 - INFO - app.detection.analysis - Starting analysis for 10 images
2025-09-25 09:38:39,523 - INFO - app.detection.analysis - Processing image 1/10: /app/uploads/pm_2609.jpg
2025-09-25 09:38:39,523 - ERROR - app.detection.model - Error processing image /app/uploads/pm_2609.jpg: Image not found at /app/uploads/pm_2609.jpg
2025-09-25 09:38:39,523 - WARNING - app.detection.analysis - Skipping image /app/uploads/pm_2609.jpg due to error: Error processing image: Image not found at /app/uploads/pm_2609.jpg
2025-09-25 09:38:39,523 - INFO - app.detection.analysis - Processing image 2/10: /app/uploads/pm_261.jpg
2025-09-25 09:38:39,524 - INFO - app.detection.model - Starting detection for image: /app/uploads/pm_261.jpg
2025-09-25 09:38:39,777 - INFO - app.detection.analysis - Processing image 3/10: /app/uploads/pm_262.jpg
2025-09-25 09:38:39,778 - INFO - app.detection.model - Starting detection for image: /app/uploads/pm_262.jpg
2025-09-25 09:38:40,011 - INFO - app.detection.analysis - Processing image 4/10: /app/uploads/pm_263.jpg
2025-09-25 09:38:40,011 - INFO - app.detection.model - Starting detection for image: /app/uploads/pm_263.jpg
2025-09-25 09:38:40,248 - INFO - app.detection.analysis - Processing image 5/10: /app/uploads/pm_264.jpg
2025-09-25 09:38:40,248 - INFO - app.detection.model - Starting detection for image: /app/uploads/pm_264.jpg
2025-09-25 09:38:40,483 - INFO - app.detection.analysis - Processing image 6/10: /app/uploads/pm_265.jpg
2025-09-25 09:38:40,483 - INFO - app.detection.model - Starting detection for image: /app/uploads/pm_265.jpg
2025-09-25 09:38:40,715 - INFO - app.detection.model - Detection completed for /app/uploads/pm_265.jpg: No parasites detected, 0 WBCs
2025-09-25 09:38:40,715 - INFO - app.detection.analysis - Processing image 7/10: /app/uploads/pm_266.jpg
2025-09-25 09:38:40,715 - INFO - app.detection.model - Starting detection for image: /app/uploads/pm_266.jpg
2025-09-25 09:38:40,953 - INFO - app.detection.analysis - Processing image 8/10: /app/uploads/pm_267.jpg
2025-09-25 09:38:40,953 - INFO - app.detection.model - Starting detection for image: /app/uploads/pm_267.jpg
2025-09-25 09:38:41,182 - INFO - app.detection.model - Detection completed for /app/uploads/pm_267.jpg: No parasites detected, 0 WBCs
2025-09-25 09:38:41,182 - INFO - app.detection.analysis - Processing image 9/10: /app/uploads/pm_268.jpg
2025-09-25 09:38:41,183 - INFO - app.detection.model - Starting detection for image: /app/uploads/pm_268.jpg
2025-09-25 09:38:41,421 - INFO - app.detection.analysis - Processing image 10/10: /app/uploads/pm_269.jpg
2025-09-25 09:38:41,421 - INFO - app.detection.model - Starting detection for image: /app/uploads/pm_269.jpg
2025-09-25 09:38:41,666 - INFO - app.detection.model - Detection completed for /app/uploads/pm_269.jpg: No parasites detected, 0 WBCs
2025-09-25 09:38:41,667 - INFO - app.detection.analysis - Analysis completed: Status=POSITIVE, Total Parasites=10,{'Most Probable Parasite': 'PM', 'Confidence level': '0.86'}, Total WBCs=3, Ratio=3.33
2025-09-25 09:38:41,667 - INFO - app.detection.analysis - Analysis summary: 9/10 images successfully processed
2025-09-25 09:38:41,667 - INFO - app.routes - Diagnosis completed successfully: Status=POSITIVE
2025-09-25 09:38:41,668 - INFO - werkzeug - 192.168.65.1 - - [25/Sep/2025 09:38:41] "POST /diagnose HTTP/1.1" 200 -
2025-09-25 09:38:42,844 - INFO - app.routes - Received diagnosis request with 10 image paths
2025-09-25 09:38:42,845 - INFO - app.detection.analysis - Starting analysis for 10 images
2025-09-25 09:38:42,845 - INFO - app.detection.analysis - Processing image 1/10: /app/uploads/pm_2609.jpg
2025-09-25 09:38:42,845 - ERROR - app.detection.model - Error processing image /app/uploads/pm_2609.jpg: Image not found at /app/uploads/pm_2609.jpg
2025-09-25 09:38:42,845 - WARNING - app.detection.analysis - Skipping image /app/uploads/pm_2609.jpg due to error: Error processing image: Image not found at /app/uploads/pm_2609.jpg
2025-09-25 09:38:42,846 - INFO - app.detection.analysis - Processing image 2/10: /app/uploads/pm_261.jpg
2025-09-25 09:38:42,846 - INFO - app.detection.model - Starting detection for image: /app/uploads/pm_261.jpg
2025-09-25 09:38:43,110 - INFO - app.detection.analysis - Processing image 3/10: /app/uploads/pm_262.jpg
2025-09-25 09:38:43,110 - INFO - app.detection.model - Starting detection for image: /app/uploads/pm_262.jpg
2025-09-25 09:38:43,345 - INFO - app.detection.analysis - Processing image 4/10: /app/uploads/pm_263.jpg
2025-09-25 09:38:43,345 - INFO - app.detection.model - Starting detection for image: /app/uploads/pm_263.jpg
2025-09-25 09:38:43,577 - INFO - app.detection.analysis - Processing image 5/10: /app/uploads/pm_264.jpg
2025-09-25 09:38:43,577 - INFO - app.detection.model - Starting detection for image: /app/uploads/pm_264.jpg
2025-09-25 09:38:43,817 - INFO - app.detection.analysis - Processing image 6/10: /app/uploads/pm_265.jpg
2025-09-25 09:38:43,817 - INFO - app.detection.model - Starting detection for image: /app/uploads/pm_265.jpg
2025-09-25 09:38:44,051 - INFO - app.detection.model - Detection completed for /app/uploads/pm_265.jpg: No parasites detected, 0 WBCs
2025-09-25 09:38:44,051 - INFO - app.detection.analysis - Processing image 7/10: /app/uploads/pm_266.jpg
2025-09-25 09:38:44,051 - INFO - app.detection.model - Starting detection for image: /app/uploads/pm_266.jpg
2025-09-25 09:38:44,284 - INFO - app.detection.analysis - Processing image 8/10: /app/uploads/pm_267.jpg
2025-09-25 09:38:44,284 - INFO - app.detection.model - Starting detection for image: /app/uploads/pm_267.jpg
2025-09-25 09:38:44,519 - INFO - app.detection.model - Detection completed for /app/uploads/pm_267.jpg: No parasites detected, 0 WBCs
2025-09-25 09:38:44,519 - INFO - app.detection.analysis - Processing image 9/10: /app/uploads/pm_268.jpg
2025-09-25 09:38:44,519 - INFO - app.detection.model - Starting detection for image: /app/uploads/pm_268.jpg
2025-09-25 09:38:44,757 - INFO - app.detection.analysis - Processing image 10/10: /app/uploads/pm_269.jpg
2025-09-25 09:38:44,757 - INFO - app.detection.model - Starting detection for image: /app/uploads/pm_269.jpg
2025-09-25 09:38:45,010 - INFO - app.detection.model - Detection completed for /app/uploads/pm_269.jpg: No parasites detected, 0 WBCs
2025-09-25 09:38:45,010 - INFO - app.detection.analysis - Analysis completed: Status=POSITIVE, Total Parasites=10,{'Most Probable Parasite': 'PM', 'Confidence level': '0.86'}, Total WBCs=3, Ratio=3.33
2025-09-25 09:38:45,011 - INFO - app.detection.analysis - Analysis summary: 9/10 images successfully processed
2025-09-25 09:38:45,011 - INFO - app.routes - Diagnosis completed successfully: Status=POSITIVE
2025-09-25 09:38:45,012 - INFO - werkzeug - 192.168.65.1 - - [25/Sep/2025 09:38:45] "POST /diagnose HTTP/1.1" 200 -
2025-09-25 09:38:46,150 - INFO - app.routes - Received diagnosis request with 10 image paths
2025-09-25 09:38:46,151 - INFO - app.detection.analysis - Starting analysis for 10 images
2025-09-25 09:38:46,151 - INFO - app.detection.analysis - Processing image 1/10: /app/uploads/pm_2609.jpg
2025-09-25 09:38:46,151 - ERROR - app.detection.model - Error processing image /app/uploads/pm_2609.jpg: Image not found at /app/uploads/pm_2609.jpg
2025-09-25 09:38:46,151 - WARNING - app.detection.analysis - Skipping image /app/uploads/pm_2609.jpg due to error: Error processing image: Image not found at /app/uploads/pm_2609.jpg
2025-09-25 09:38:46,152 - INFO - app.detection.analysis - Processing image 2/10: /app/uploads/pm_261.jpg
2025-09-25 09:38:46,152 - INFO - app.detection.model - Starting detection for image: /app/uploads/pm_261.jpg
2025-09-25 09:38:46,403 - INFO - app.detection.analysis - Processing image 3/10: /app/uploads/pm_262.jpg
2025-09-25 09:38:46,403 - INFO - app.detection.model - Starting detection for image: /app/uploads/pm_262.jpg
2025-09-25 09:38:46,647 - INFO - app.detection.analysis - Processing image 4/10: /app/uploads/pm_263.jpg
2025-09-25 09:38:46,647 - INFO - app.detection.model - Starting detection for image: /app/uploads/pm_263.jpg
2025-09-25 09:38:46,908 - INFO - app.detection.analysis - Processing image 5/10: /app/uploads/pm_264.jpg
2025-09-25 09:38:46,908 - INFO - app.detection.model - Starting detection for image: /app/uploads/pm_264.jpg
2025-09-25 09:38:47,147 - INFO - app.detection.analysis - Processing image 6/10: /app/uploads/pm_265.jpg
2025-09-25 09:38:47,147 - INFO - app.detection.model - Starting detection for image: /app/uploads/pm_265.jpg
2025-09-25 09:38:47,398 - INFO - app.detection.model - Detection completed for /app/uploads/pm_265.jpg: No parasites detected, 0 WBCs
2025-09-25 09:38:47,398 - INFO - app.detection.analysis - Processing image 7/10: /app/uploads/pm_266.jpg
2025-09-25 09:38:47,398 - INFO - app.detection.model - Starting detection for image: /app/uploads/pm_266.jpg
2025-09-25 09:38:47,628 - INFO - app.detection.analysis - Processing image 8/10: /app/uploads/pm_267.jpg
2025-09-25 09:38:47,628 - INFO - app.detection.model - Starting detection for image: /app/uploads/pm_267.jpg
2025-09-25 09:38:47,855 - INFO - app.detection.model - Detection completed for /app/uploads/pm_267.jpg: No parasites detected, 0 WBCs
2025-09-25 09:38:47,855 - INFO - app.detection.analysis - Processing image 9/10: /app/uploads/pm_268.jpg
2025-09-25 09:38:47,856 - INFO - app.detection.model - Starting detection for image: /app/uploads/pm_268.jpg
2025-09-25 09:38:48,103 - INFO - app.detection.analysis - Processing image 10/10: /app/uploads/pm_269.jpg
2025-09-25 09:38:48,104 - INFO - app.detection.model - Starting detection for image: /app/uploads/pm_269.jpg
2025-09-25 09:38:48,334 - INFO - app.detection.model - Detection completed for /app/uploads/pm_269.jpg: No parasites detected, 0 WBCs
2025-09-25 09:38:48,334 - INFO - app.detection.analysis - Analysis completed: Status=POSITIVE, Total Parasites=10,{'Most Probable Parasite': 'PM', 'Confidence level': '0.86'}, Total WBCs=3, Ratio=3.33
2025-09-25 09:38:48,334 - INFO - app.detection.analysis - Analysis summary: 9/10 images successfully processed
2025-09-25 09:38:48,334 - INFO - app.routes - Diagnosis completed successfully: Status=POSITIVE
2025-09-25 09:38:48,335 - INFO - werkzeug - 192.168.65.1 - - [25/Sep/2025 09:38:48] "POST /diagnose HTTP/1.1" 200 -
2025-09-25 09:38:49,188 - INFO - app.routes - Received diagnosis request with 10 image paths
2025-09-25 09:38:49,188 - INFO - app.detection.analysis - Starting analysis for 10 images
2025-09-25 09:38:49,188 - INFO - app.detection.analysis - Processing image 1/10: /app/uploads/pm_2609.jpg
2025-09-25 09:38:49,188 - ERROR - app.detection.model - Error processing image /app/uploads/pm_2609.jpg: Image not found at /app/uploads/pm_2609.jpg
2025-09-25 09:38:49,188 - WARNING - app.detection.analysis - Skipping image /app/uploads/pm_2609.jpg due to error: Error processing image: Image not found at /app/uploads/pm_2609.jpg
2025-09-25 09:38:49,189 - INFO - app.detection.analysis - Processing image 2/10: /app/uploads/pm_261.jpg
2025-09-25 09:38:49,189 - INFO - app.detection.model - Starting detection for image: /app/uploads/pm_261.jpg
2025-09-25 09:38:49,569 - INFO - app.detection.analysis - Processing image 3/10: /app/uploads/pm_262.jpg
2025-09-25 09:38:49,569 - INFO - app.detection.model - Starting detection for image: /app/uploads/pm_262.jpg
2025-09-25 09:38:49,817 - INFO - app.detection.analysis - Processing image 4/10: /app/uploads/pm_263.jpg
2025-09-25 09:38:49,817 - INFO - app.detection.model - Starting detection for image: /app/uploads/pm_263.jpg
2025-09-25 09:38:50,061 - INFO - app.detection.analysis - Processing image 5/10: /app/uploads/pm_264.jpg
2025-09-25 09:38:50,061 - INFO - app.detection.model - Starting detection for image: /app/uploads/pm_264.jpg
2025-09-25 09:38:50,297 - INFO - app.detection.analysis - Processing image 6/10: /app/uploads/pm_265.jpg
2025-09-25 09:38:50,297 - INFO - app.detection.model - Starting detection for image: /app/uploads/pm_265.jpg
2025-09-25 09:38:50,534 - INFO - app.detection.model - Detection completed for /app/uploads/pm_265.jpg: No parasites detected, 0 WBCs
2025-09-25 09:38:50,535 - INFO - app.detection.analysis - Processing image 7/10: /app/uploads/pm_266.jpg
2025-09-25 09:38:50,535 - INFO - app.detection.model - Starting detection for image: /app/uploads/pm_266.jpg
2025-09-25 09:38:50,765 - INFO - app.detection.analysis - Processing image 8/10: /app/uploads/pm_267.jpg
2025-09-25 09:38:50,766 - INFO - app.detection.model - Starting detection for image: /app/uploads/pm_267.jpg
2025-09-25 09:38:51,002 - INFO - app.detection.model - Detection completed for /app/uploads/pm_267.jpg: No parasites detected, 0 WBCs
2025-09-25 09:38:51,002 - INFO - app.detection.analysis - Processing image 9/10: /app/uploads/pm_268.jpg
2025-09-25 09:38:51,002 - INFO - app.detection.model - Starting detection for image: /app/uploads/pm_268.jpg
2025-09-25 09:38:51,232 - INFO - app.detection.analysis - Processing image 10/10: /app/uploads/pm_269.jpg
2025-09-25 09:38:51,233 - INFO - app.detection.model - Starting detection for image: /app/uploads/pm_269.jpg
2025-09-25 09:38:51,506 - INFO - app.detection.model - Detection completed for /app/uploads/pm_269.jpg: No parasites detected, 0 WBCs
2025-09-25 09:38:51,510 - INFO - app.detection.analysis - Analysis completed: Status=POSITIVE, Total Parasites=10,{'Most Probable Parasite': 'PM', 'Confidence level': '0.86'}, Total WBCs=3, Ratio=3.33
2025-09-25 09:38:51,510 - INFO - app.detection.analysis - Analysis summary: 9/10 images successfully processed
2025-09-25 09:38:51,510 - INFO - app.routes - Diagnosis completed successfully: Status=POSITIVE
2025-09-25 09:38:51,512 - INFO - werkzeug - 192.168.65.1 - - [25/Sep/2025 09:38:51] "POST /diagnose HTTP/1.1" 200 -
2025-09-25 09:38:52,295 - INFO - app.routes - Received diagnosis request with 10 image paths
2025-09-25 09:38:52,295 - INFO - app.detection.analysis - Starting analysis for 10 images
2025-09-25 09:38:52,296 - INFO - app.detection.analysis - Processing image 1/10: /app/uploads/pm_2609.jpg
2025-09-25 09:38:52,296 - ERROR - app.detection.model - Error processing image /app/uploads/pm_2609.jpg: Image not found at /app/uploads/pm_2609.jpg
2025-09-25 09:38:52,296 - WARNING - app.detection.analysis - Skipping image /app/uploads/pm_2609.jpg due to error: Error processing image: Image not found at /app/uploads/pm_2609.jpg
2025-09-25 09:38:52,296 - INFO - app.detection.analysis - Processing image 2/10: /app/uploads/pm_261.jpg
2025-09-25 09:38:52,297 - INFO - app.detection.model - Starting detection for image: /app/uploads/pm_261.jpg
2025-09-25 09:38:52,597 - INFO - app.detection.analysis - Processing image 3/10: /app/uploads/pm_262.jpg
2025-09-25 09:38:52,597 - INFO - app.detection.model - Starting detection for image: /app/uploads/pm_262.jpg
2025-09-25 09:38:52,854 - INFO - app.detection.analysis - Processing image 4/10: /app/uploads/pm_263.jpg
2025-09-25 09:38:52,855 - INFO - app.detection.model - Starting detection for image: /app/uploads/pm_263.jpg
2025-09-25 09:38:53,185 - INFO - app.detection.analysis - Processing image 5/10: /app/uploads/pm_264.jpg
2025-09-25 09:38:53,185 - INFO - app.detection.model - Starting detection for image: /app/uploads/pm_264.jpg
2025-09-25 09:38:53,465 - INFO - app.detection.analysis - Processing image 6/10: /app/uploads/pm_265.jpg
2025-09-25 09:38:53,466 - INFO - app.detection.model - Starting detection for image: /app/uploads/pm_265.jpg
2025-09-25 09:38:53,739 - INFO - app.detection.model - Detection completed for /app/uploads/pm_265.jpg: No parasites detected, 0 WBCs
2025-09-25 09:38:53,739 - INFO - app.detection.analysis - Processing image 7/10: /app/uploads/pm_266.jpg
2025-09-25 09:38:53,739 - INFO - app.detection.model - Starting detection for image: /app/uploads/pm_266.jpg
2025-09-25 09:38:54,000 - INFO - app.detection.analysis - Processing image 8/10: /app/uploads/pm_267.jpg
2025-09-25 09:38:54,000 - INFO - app.detection.model - Starting detection for image: /app/uploads/pm_267.jpg
2025-09-25 09:38:54,272 - INFO - app.detection.model - Detection completed for /app/uploads/pm_267.jpg: No parasites detected, 0 WBCs
2025-09-25 09:38:54,272 - INFO - app.detection.analysis - Processing image 9/10: /app/uploads/pm_268.jpg
2025-09-25 09:38:54,272 - INFO - app.detection.model - Starting detection for image: /app/uploads/pm_268.jpg
2025-09-25 09:38:54,505 - INFO - app.detection.analysis - Processing image 10/10: /app/uploads/pm_269.jpg
2025-09-25 09:38:54,506 - INFO - app.detection.model - Starting detection for image: /app/uploads/pm_269.jpg
2025-09-25 09:38:54,737 - INFO - app.detection.model - Detection completed for /app/uploads/pm_269.jpg: No parasites detected, 0 WBCs
2025-09-25 09:38:54,737 - INFO - app.detection.analysis - Analysis completed: Status=POSITIVE, Total Parasites=10,{'Most Probable Parasite': 'PM', 'Confidence level': '0.86'}, Total WBCs=3, Ratio=3.33
2025-09-25 09:38:54,737 - INFO - app.detection.analysis - Analysis summary: 9/10 images successfully processed
2025-09-25 09:38:54,738 - INFO - app.routes - Diagnosis completed successfully: Status=POSITIVE
2025-09-25 09:38:54,739 - INFO - werkzeug - 192.168.65.1 - - [25/Sep/2025 09:38:54] "POST /diagnose HTTP/1.1" 200 -
2025-09-25 09:38:55,317 - INFO - app.routes - Received diagnosis request with 10 image paths
2025-09-25 09:38:55,317 - INFO - app.detection.analysis - Starting analysis for 10 images
2025-09-25 09:38:55,317 - INFO - app.detection.analysis - Processing image 1/10: /app/uploads/pm_2609.jpg
2025-09-25 09:38:55,318 - ERROR - app.detection.model - Error processing image /app/uploads/pm_2609.jpg: Image not found at /app/uploads/pm_2609.jpg
2025-09-25 09:38:55,318 - WARNING - app.detection.analysis - Skipping image /app/uploads/pm_2609.jpg due to error: Error processing image: Image not found at /app/uploads/pm_2609.jpg
2025-09-25 09:38:55,318 - INFO - app.detection.analysis - Processing image 2/10: /app/uploads/pm_261.jpg
2025-09-25 09:38:55,318 - INFO - app.detection.model - Starting detection for image: /app/uploads/pm_261.jpg
2025-09-25 09:38:55,587 - INFO - app.detection.analysis - Processing image 3/10: /app/uploads/pm_262.jpg
2025-09-25 09:38:55,588 - INFO - app.detection.model - Starting detection for image: /app/uploads/pm_262.jpg
2025-09-25 09:38:55,822 - INFO - app.detection.analysis - Processing image 4/10: /app/uploads/pm_263.jpg
2025-09-25 09:38:55,822 - INFO - app.detection.model - Starting detection for image: /app/uploads/pm_263.jpg
2025-09-25 09:38:56,067 - INFO - app.detection.analysis - Processing image 5/10: /app/uploads/pm_264.jpg
2025-09-25 09:38:56,068 - INFO - app.detection.model - Starting detection for image: /app/uploads/pm_264.jpg
2025-09-25 09:38:56,305 - INFO - app.detection.analysis - Processing image 6/10: /app/uploads/pm_265.jpg
2025-09-25 09:38:56,305 - INFO - app.detection.model - Starting detection for image: /app/uploads/pm_265.jpg
2025-09-25 09:38:56,559 - INFO - app.detection.model - Detection completed for /app/uploads/pm_265.jpg: No parasites detected, 0 WBCs
2025-09-25 09:38:56,559 - INFO - app.detection.analysis - Processing image 7/10: /app/uploads/pm_266.jpg
2025-09-25 09:38:56,559 - INFO - app.detection.model - Starting detection for image: /app/uploads/pm_266.jpg
2025-09-25 09:38:56,794 - INFO - app.detection.analysis - Processing image 8/10: /app/uploads/pm_267.jpg
2025-09-25 09:38:56,795 - INFO - app.detection.model - Starting detection for image: /app/uploads/pm_267.jpg
2025-09-25 09:38:57,035 - INFO - app.detection.model - Detection completed for /app/uploads/pm_267.jpg: No parasites detected, 0 WBCs
2025-09-25 09:38:57,035 - INFO - app.detection.analysis - Processing image 9/10: /app/uploads/pm_268.jpg
2025-09-25 09:38:57,035 - INFO - app.detection.model - Starting detection for image: /app/uploads/pm_268.jpg
2025-09-25 09:38:57,311 - INFO - app.detection.analysis - Processing image 10/10: /app/uploads/pm_269.jpg
2025-09-25 09:38:57,311 - INFO - app.detection.model - Starting detection for image: /app/uploads/pm_269.jpg
2025-09-25 09:38:57,572 - INFO - app.detection.model - Detection completed for /app/uploads/pm_269.jpg: No parasites detected, 0 WBCs
2025-09-25 09:38:57,572 - INFO - app.detection.analysis - Analysis completed: Status=POSITIVE, Total Parasites=10,{'Most Probable Parasite': 'PM', 'Confidence level': '0.86'}, Total WBCs=3, Ratio=3.33
2025-09-25 09:38:57,572 - INFO - app.detection.analysis - Analysis summary: 9/10 images successfully processed
2025-09-25 09:38:57,572 - INFO - app.routes - Diagnosis completed successfully: Status=POSITIVE
2025-09-25 09:38:57,573 - INFO - werkzeug - 192.168.65.1 - - [25/Sep/2025 09:38:57] "POST /diagnose HTTP/1.1" 200 -
2025-09-25 09:38:58,175 - INFO - app.routes - Received diagnosis request with 10 image paths
2025-09-25 09:38:58,175 - INFO - app.detection.analysis - Starting analysis for 10 images
2025-09-25 09:38:58,175 - INFO - app.detection.analysis - Processing image 1/10: /app/uploads/pm_2609.jpg
2025-09-25 09:38:58,176 - ERROR - app.detection.model - Error processing image /app/uploads/pm_2609.jpg: Image not found at /app/uploads/pm_2609.jpg
2025-09-25 09:38:58,176 - WARNING - app.detection.analysis - Skipping image /app/uploads/pm_2609.jpg due to error: Error processing image: Image not found at /app/uploads/pm_2609.jpg
2025-09-25 09:38:58,176 - INFO - app.detection.analysis - Processing image 2/10: /app/uploads/pm_261.jpg
2025-09-25 09:38:58,176 - INFO - app.detection.model - Starting detection for image: /app/uploads/pm_261.jpg
2025-09-25 09:38:58,542 - INFO - app.detection.analysis - Processing image 3/10: /app/uploads/pm_262.jpg
2025-09-25 09:38:58,542 - INFO - app.detection.model - Starting detection for image: /app/uploads/pm_262.jpg
2025-09-25 09:38:58,830 - INFO - app.detection.analysis - Processing image 4/10: /app/uploads/pm_263.jpg
2025-09-25 09:38:58,830 - INFO - app.detection.model - Starting detection for image: /app/uploads/pm_263.jpg
2025-09-25 09:38:59,105 - INFO - app.detection.analysis - Processing image 5/10: /app/uploads/pm_264.jpg
2025-09-25 09:38:59,105 - INFO - app.detection.model - Starting detection for image: /app/uploads/pm_264.jpg
2025-09-25 09:38:59,365 - INFO - app.detection.analysis - Processing image 6/10: /app/uploads/pm_265.jpg
2025-09-25 09:38:59,365 - INFO - app.detection.model - Starting detection for image: /app/uploads/pm_265.jpg
2025-09-25 09:38:59,667 - INFO - app.detection.model - Detection completed for /app/uploads/pm_265.jpg: No parasites detected, 0 WBCs
2025-09-25 09:38:59,667 - INFO - app.detection.analysis - Processing image 7/10: /app/uploads/pm_266.jpg
2025-09-25 09:38:59,667 - INFO - app.detection.model - Starting detection for image: /app/uploads/pm_266.jpg
2025-09-25 09:38:59,905 - INFO - app.detection.analysis - Processing image 8/10: /app/uploads/pm_267.jpg
2025-09-25 09:38:59,905 - INFO - app.detection.model - Starting detection for image: /app/uploads/pm_267.jpg
2025-09-25 09:39:00,165 - INFO - app.detection.model - Detection completed for /app/uploads/pm_267.jpg: No parasites detected, 0 WBCs
2025-09-25 09:39:00,165 - INFO - app.detection.analysis - Processing image 9/10: /app/uploads/pm_268.jpg
2025-09-25 09:39:00,165 - INFO - app.detection.model - Starting detection for image: /app/uploads/pm_268.jpg
2025-09-25 09:39:00,417 - INFO - app.detection.analysis - Processing image 10/10: /app/uploads/pm_269.jpg
2025-09-25 09:39:00,417 - INFO - app.detection.model - Starting detection for image: /app/uploads/pm_269.jpg
2025-09-25 09:39:00,669 - INFO - app.detection.model - Detection completed for /app/uploads/pm_269.jpg: No parasites detected, 0 WBCs
2025-09-25 09:39:00,669 - INFO - app.detection.analysis - Analysis completed: Status=POSITIVE, Total Parasites=10,{'Most Probable Parasite': 'PM', 'Confidence level': '0.86'}, Total WBCs=3, Ratio=3.33
2025-09-25 09:39:00,670 - INFO - app.detection.analysis - Analysis summary: 9/10 images successfully processed
2025-09-25 09:39:00,670 - INFO - app.routes - Diagnosis completed successfully: Status=POSITIVE
2025-09-25 09:39:00,671 - INFO - werkzeug - 192.168.65.1 - - [25/Sep/2025 09:39:00] "POST /diagnose HTTP/1.1" 200 -
2025-09-25 09:39:01,329 - INFO - app.routes - Received diagnosis request with 10 image paths
2025-09-25 09:39:01,329 - INFO - app.detection.analysis - Starting analysis for 10 images
2025-09-25 09:39:01,329 - INFO - app.detection.analysis - Processing image 1/10: /app/uploads/pm_2609.jpg
2025-09-25 09:39:01,330 - ERROR - app.detection.model - Error processing image /app/uploads/pm_2609.jpg: Image not found at /app/uploads/pm_2609.jpg
2025-09-25 09:39:01,330 - WARNING - app.detection.analysis - Skipping image /app/uploads/pm_2609.jpg due to error: Error processing image: Image not found at /app/uploads/pm_2609.jpg
2025-09-25 09:39:01,330 - INFO - app.detection.analysis - Processing image 2/10: /app/uploads/pm_261.jpg
2025-09-25 09:39:01,330 - INFO - app.detection.model - Starting detection for image: /app/uploads/pm_261.jpg
2025-09-25 09:39:01,584 - INFO - app.detection.analysis - Processing image 3/10: /app/uploads/pm_262.jpg
2025-09-25 09:39:01,584 - INFO - app.detection.model - Starting detection for image: /app/uploads/pm_262.jpg
2025-09-25 09:39:01,846 - INFO - app.detection.analysis - Processing image 4/10: /app/uploads/pm_263.jpg
2025-09-25 09:39:01,846 - INFO - app.detection.model - Starting detection for image: /app/uploads/pm_263.jpg
2025-09-25 09:39:02,091 - INFO - app.detection.analysis - Processing image 5/10: /app/uploads/pm_264.jpg
2025-09-25 09:39:02,091 - INFO - app.detection.model - Starting detection for image: /app/uploads/pm_264.jpg
2025-09-25 09:39:02,357 - INFO - app.detection.analysis - Processing image 6/10: /app/uploads/pm_265.jpg
2025-09-25 09:39:02,358 - INFO - app.detection.model - Starting detection for image: /app/uploads/pm_265.jpg
2025-09-25 09:39:02,613 - INFO - app.detection.model - Detection completed for /app/uploads/pm_265.jpg: No parasites detected, 0 WBCs
2025-09-25 09:39:02,613 - INFO - app.detection.analysis - Processing image 7/10: /app/uploads/pm_266.jpg
2025-09-25 09:39:02,613 - INFO - app.detection.model - Starting detection for image: /app/uploads/pm_266.jpg
2025-09-25 09:39:02,879 - INFO - app.detection.analysis - Processing image 8/10: /app/uploads/pm_267.jpg
2025-09-25 09:39:02,879 - INFO - app.detection.model - Starting detection for image: /app/uploads/pm_267.jpg
2025-09-25 09:39:03,134 - INFO - app.detection.model - Detection completed for /app/uploads/pm_267.jpg: No parasites detected, 0 WBCs
2025-09-25 09:39:03,135 - INFO - app.detection.analysis - Processing image 9/10: /app/uploads/pm_268.jpg
2025-09-25 09:39:03,135 - INFO - app.detection.model - Starting detection for image: /app/uploads/pm_268.jpg
2025-09-25 09:39:03,371 - INFO - app.detection.analysis - Processing image 10/10: /app/uploads/pm_269.jpg
2025-09-25 09:39:03,371 - INFO - app.detection.model - Starting detection for image: /app/uploads/pm_269.jpg
2025-09-25 09:39:03,610 - INFO - app.detection.model - Detection completed for /app/uploads/pm_269.jpg: No parasites detected, 0 WBCs
2025-09-25 09:39:03,610 - INFO - app.detection.analysis - Analysis completed: Status=POSITIVE, Total Parasites=10,{'Most Probable Parasite': 'PM', 'Confidence level': '0.86'}, Total WBCs=3, Ratio=3.33
2025-09-25 09:39:03,610 - INFO - app.detection.analysis - Analysis summary: 9/10 images successfully processed
2025-09-25 09:39:03,610 - INFO - app.routes - Diagnosis completed successfully: Status=POSITIVE
2025-09-25 09:39:03,611 - INFO - werkzeug - 192.168.65.1 - - [25/Sep/2025 09:39:03] "POST /diagnose HTTP/1.1" 200 -
2025-09-25 09:39:04,257 - INFO - app.routes - Received diagnosis request with 10 image paths
2025-09-25 09:39:04,258 - INFO - app.detection.analysis - Starting analysis for 10 images
2025-09-25 09:39:04,259 - INFO - app.detection.analysis - Processing image 1/10: /app/uploads/pm_2609.jpg
2025-09-25 09:39:04,259 - ERROR - app.detection.model - Error processing image /app/uploads/pm_2609.jpg: Image not found at /app/uploads/pm_2609.jpg
2025-09-25 09:39:04,259 - WARNING - app.detection.analysis - Skipping image /app/uploads/pm_2609.jpg due to error: Error processing image: Image not found at /app/uploads/pm_2609.jpg
2025-09-25 09:39:04,259 - INFO - app.detection.analysis - Processing image 2/10: /app/uploads/pm_261.jpg
2025-09-25 09:39:04,260 - INFO - app.detection.model - Starting detection for image: /app/uploads/pm_261.jpg
2025-09-25 09:39:04,540 - INFO - app.detection.analysis - Processing image 3/10: /app/uploads/pm_262.jpg
2025-09-25 09:39:04,541 - INFO - app.detection.model - Starting detection for image: /app/uploads/pm_262.jpg
2025-09-25 09:39:04,783 - INFO - app.detection.analysis - Processing image 4/10: /app/uploads/pm_263.jpg
2025-09-25 09:39:04,783 - INFO - app.detection.model - Starting detection for image: /app/uploads/pm_263.jpg
2025-09-25 09:39:05,033 - INFO - app.detection.analysis - Processing image 5/10: /app/uploads/pm_264.jpg
2025-09-25 09:39:05,033 - INFO - app.detection.model - Starting detection for image: /app/uploads/pm_264.jpg
2025-09-25 09:39:05,335 - INFO - app.detection.analysis - Processing image 6/10: /app/uploads/pm_265.jpg
2025-09-25 09:39:05,336 - INFO - app.detection.model - Starting detection for image: /app/uploads/pm_265.jpg
2025-09-25 09:39:05,614 - INFO - app.detection.model - Detection completed for /app/uploads/pm_265.jpg: No parasites detected, 0 WBCs
2025-09-25 09:39:05,614 - INFO - app.detection.analysis - Processing image 7/10: /app/uploads/pm_266.jpg
2025-09-25 09:39:05,614 - INFO - app.detection.model - Starting detection for image: /app/uploads/pm_266.jpg
2025-09-25 09:39:05,859 - INFO - app.detection.analysis - Processing image 8/10: /app/uploads/pm_267.jpg
2025-09-25 09:39:05,859 - INFO - app.detection.model - Starting detection for image: /app/uploads/pm_267.jpg
2025-09-25 09:39:06,141 - INFO - app.detection.model - Detection completed for /app/uploads/pm_267.jpg: No parasites detected, 0 WBCs
2025-09-25 09:39:06,142 - INFO - app.detection.analysis - Processing image 9/10: /app/uploads/pm_268.jpg
2025-09-25 09:39:06,142 - INFO - app.detection.model - Starting detection for image: /app/uploads/pm_268.jpg
2025-09-25 09:39:06,412 - INFO - app.detection.analysis - Processing image 10/10: /app/uploads/pm_269.jpg
2025-09-25 09:39:06,413 - INFO - app.detection.model - Starting detection for image: /app/uploads/pm_269.jpg
2025-09-25 09:39:06,652 - INFO - app.detection.model - Detection completed for /app/uploads/pm_269.jpg: No parasites detected, 0 WBCs
2025-09-25 09:39:06,652 - INFO - app.detection.analysis - Analysis completed: Status=POSITIVE, Total Parasites=10,{'Most Probable Parasite': 'PM', 'Confidence level': '0.86'}, Total WBCs=3, Ratio=3.33
2025-09-25 09:39:06,653 - INFO - app.detection.analysis - Analysis summary: 9/10 images successfully processed
2025-09-25 09:39:06,653 - INFO - app.routes - Diagnosis completed successfully: Status=POSITIVE
2025-09-25 09:39:06,653 - INFO - werkzeug - 192.168.65.1 - - [25/Sep/2025 09:39:06] "POST /diagnose HTTP/1.1" 200 -
2025-09-25 09:39:07,289 - INFO - app.routes - Received diagnosis request with 10 image paths
2025-09-25 09:39:07,290 - INFO - app.detection.analysis - Starting analysis for 10 images
2025-09-25 09:39:07,290 - INFO - app.detection.analysis - Processing image 1/10: /app/uploads/pm_2609.jpg
2025-09-25 09:39:07,290 - ERROR - app.detection.model - Error processing image /app/uploads/pm_2609.jpg: Image not found at /app/uploads/pm_2609.jpg
2025-09-25 09:39:07,290 - WARNING - app.detection.analysis - Skipping image /app/uploads/pm_2609.jpg due to error: Error processing image: Image not found at /app/uploads/pm_2609.jpg
2025-09-25 09:39:07,291 - INFO - app.detection.analysis - Processing image 2/10: /app/uploads/pm_261.jpg
2025-09-25 09:39:07,291 - INFO - app.detection.model - Starting detection for image: /app/uploads/pm_261.jpg
2025-09-25 09:39:07,579 - INFO - app.detection.analysis - Processing image 3/10: /app/uploads/pm_262.jpg
2025-09-25 09:39:07,580 - INFO - app.detection.model - Starting detection for image: /app/uploads/pm_262.jpg
2025-09-25 09:39:07,845 - INFO - app.detection.analysis - Processing image 4/10: /app/uploads/pm_263.jpg
2025-09-25 09:39:07,845 - INFO - app.detection.model - Starting detection for image: /app/uploads/pm_263.jpg
2025-09-25 09:39:08,104 - INFO - app.detection.analysis - Processing image 5/10: /app/uploads/pm_264.jpg
2025-09-25 09:39:08,105 - INFO - app.detection.model - Starting detection for image: /app/uploads/pm_264.jpg
2025-09-25 09:39:08,368 - INFO - app.detection.analysis - Processing image 6/10: /app/uploads/pm_265.jpg
2025-09-25 09:39:08,368 - INFO - app.detection.model - Starting detection for image: /app/uploads/pm_265.jpg
2025-09-25 09:39:08,598 - INFO - app.detection.model - Detection completed for /app/uploads/pm_265.jpg: No parasites detected, 0 WBCs
2025-09-25 09:39:08,598 - INFO - app.detection.analysis - Processing image 7/10: /app/uploads/pm_266.jpg
2025-09-25 09:39:08,598 - INFO - app.detection.model - Starting detection for image: /app/uploads/pm_266.jpg
2025-09-25 09:39:08,837 - INFO - app.detection.analysis - Processing image 8/10: /app/uploads/pm_267.jpg
2025-09-25 09:39:08,837 - INFO - app.detection.model - Starting detection for image: /app/uploads/pm_267.jpg
2025-09-25 09:39:09,108 - INFO - app.detection.model - Detection completed for /app/uploads/pm_267.jpg: No parasites detected, 0 WBCs
2025-09-25 09:39:09,111 - INFO - app.detection.analysis - Processing image 9/10: /app/uploads/pm_268.jpg
2025-09-25 09:39:09,112 - INFO - app.detection.model - Starting detection for image: /app/uploads/pm_268.jpg
2025-09-25 09:39:09,388 - INFO - app.detection.analysis - Processing image 10/10: /app/uploads/pm_269.jpg
2025-09-25 09:39:09,389 - INFO - app.detection.model - Starting detection for image: /app/uploads/pm_269.jpg
2025-09-25 09:39:09,678 - INFO - app.detection.model - Detection completed for /app/uploads/pm_269.jpg: No parasites detected, 0 WBCs
2025-09-25 09:39:09,678 - INFO - app.detection.analysis - Analysis completed: Status=POSITIVE, Total Parasites=10,{'Most Probable Parasite': 'PM', 'Confidence level': '0.86'}, Total WBCs=3, Ratio=3.33
2025-09-25 09:39:09,678 - INFO - app.detection.analysis - Analysis summary: 9/10 images successfully processed
2025-09-25 09:39:09,679 - INFO - app.routes - Diagnosis completed successfully: Status=POSITIVE
2025-09-25 09:39:09,682 - INFO - werkzeug - 192.168.65.1 - - [25/Sep/2025 09:39:09] "POST /diagnose HTTP/1.1" 200 -
2025-09-25 09:39:10,354 - INFO - app.routes - Received diagnosis request with 10 image paths
2025-09-25 09:39:10,354 - INFO - app.detection.analysis - Starting analysis for 10 images
2025-09-25 09:39:10,355 - INFO - app.detection.analysis - Processing image 1/10: /app/uploads/pm_2609.jpg
2025-09-25 09:39:10,355 - ERROR - app.detection.model - Error processing image /app/uploads/pm_2609.jpg: Image not found at /app/uploads/pm_2609.jpg
2025-09-25 09:39:10,355 - WARNING - app.detection.analysis - Skipping image /app/uploads/pm_2609.jpg due to error: Error processing image: Image not found at /app/uploads/pm_2609.jpg
2025-09-25 09:39:10,355 - INFO - app.detection.analysis - Processing image 2/10: /app/uploads/pm_261.jpg
2025-09-25 09:39:10,355 - INFO - app.detection.model - Starting detection for image: /app/uploads/pm_261.jpg
2025-09-25 09:39:10,613 - INFO - app.detection.analysis - Processing image 3/10: /app/uploads/pm_262.jpg
2025-09-25 09:39:10,614 - INFO - app.detection.model - Starting detection for image: /app/uploads/pm_262.jpg
2025-09-25 09:39:10,851 - INFO - app.detection.analysis - Processing image 4/10: /app/uploads/pm_263.jpg
2025-09-25 09:39:10,851 - INFO - app.detection.model - Starting detection for image: /app/uploads/pm_263.jpg
2025-09-25 09:39:11,449 - INFO - app.detection.analysis - Processing image 5/10: /app/uploads/pm_264.jpg
2025-09-25 09:39:11,449 - INFO - app.detection.model - Starting detection for image: /app/uploads/pm_264.jpg
2025-09-25 09:39:11,927 - INFO - app.detection.analysis - Processing image 6/10: /app/uploads/pm_265.jpg
2025-09-25 09:39:11,927 - INFO - app.detection.model - Starting detection for image: /app/uploads/pm_265.jpg
2025-09-25 09:39:12,259 - INFO - app.detection.model - Detection completed for /app/uploads/pm_265.jpg: No parasites detected, 0 WBCs
2025-09-25 09:39:12,260 - INFO - app.detection.analysis - Processing image 7/10: /app/uploads/pm_266.jpg
2025-09-25 09:39:12,260 - INFO - app.detection.model - Starting detection for image: /app/uploads/pm_266.jpg
2025-09-25 09:39:12,581 - INFO - app.detection.analysis - Processing image 8/10: /app/uploads/pm_267.jpg
2025-09-25 09:39:12,581 - INFO - app.detection.model - Starting detection for image: /app/uploads/pm_267.jpg
2025-09-25 09:39:12,872 - INFO - app.detection.model - Detection completed for /app/uploads/pm_267.jpg: No parasites detected, 0 WBCs
2025-09-25 09:39:12,872 - INFO - app.detection.analysis - Processing image 9/10: /app/uploads/pm_268.jpg
2025-09-25 09:39:12,873 - INFO - app.detection.model - Starting detection for image: /app/uploads/pm_268.jpg
2025-09-25 09:39:13,188 - INFO - app.detection.analysis - Processing image 10/10: /app/uploads/pm_269.jpg
2025-09-25 09:39:13,188 - INFO - app.detection.model - Starting detection for image: /app/uploads/pm_269.jpg
2025-09-25 09:39:13,470 - INFO - app.detection.model - Detection completed for /app/uploads/pm_269.jpg: No parasites detected, 0 WBCs
2025-09-25 09:39:13,470 - INFO - app.detection.analysis - Analysis completed: Status=POSITIVE, Total Parasites=10,{'Most Probable Parasite': 'PM', 'Confidence level': '0.86'}, Total WBCs=3, Ratio=3.33
2025-09-25 09:39:13,471 - INFO - app.detection.analysis - Analysis summary: 9/10 images successfully processed
2025-09-25 09:39:13,471 - INFO - app.routes - Diagnosis completed successfully: Status=POSITIVE
2025-09-25 09:39:13,474 - INFO - werkzeug - 192.168.65.1 - - [25/Sep/2025 09:39:13] "POST /diagnose HTTP/1.1" 200 -
2025-09-25 09:39:16,882 - INFO - app.routes - Received diagnosis request with 10 image paths
2025-09-25 09:39:16,883 - INFO - app.detection.analysis - Starting analysis for 10 images
2025-09-25 09:39:16,884 - INFO - app.detection.analysis - Processing image 1/10: /app/uploads/pm_2609.jpg
2025-09-25 09:39:16,884 - ERROR - app.detection.model - Error processing image /app/uploads/pm_2609.jpg: Image not found at /app/uploads/pm_2609.jpg
2025-09-25 09:39:16,885 - WARNING - app.detection.analysis - Skipping image /app/uploads/pm_2609.jpg due to error: Error processing image: Image not found at /app/uploads/pm_2609.jpg
2025-09-25 09:39:16,885 - INFO - app.detection.analysis - Processing image 2/10: /app/uploads/pm_261.jpg
2025-09-25 09:39:16,885 - INFO - app.detection.model - Starting detection for image: /app/uploads/pm_261.jpg
2025-09-25 09:39:17,207 - INFO - app.detection.analysis - Processing image 3/10: /app/uploads/pm_262.jpg
2025-09-25 09:39:17,207 - INFO - app.detection.model - Starting detection for image: /app/uploads/pm_262.jpg
2025-09-25 09:39:17,458 - INFO - app.detection.analysis - Processing image 4/10: /app/uploads/pm_263.jpg
2025-09-25 09:39:17,458 - INFO - app.detection.model - Starting detection for image: /app/uploads/pm_263.jpg
2025-09-25 09:39:17,698 - INFO - app.detection.analysis - Processing image 5/10: /app/uploads/pm_264.jpg
2025-09-25 09:39:17,698 - INFO - app.detection.model - Starting detection for image: /app/uploads/pm_264.jpg
2025-09-25 09:39:17,931 - INFO - app.detection.analysis - Processing image 6/10: /app/uploads/pm_265.jpg
2025-09-25 09:39:17,931 - INFO - app.detection.model - Starting detection for image: /app/uploads/pm_265.jpg
2025-09-25 09:39:18,183 - INFO - app.detection.model - Detection completed for /app/uploads/pm_265.jpg: No parasites detected, 0 WBCs
2025-09-25 09:39:18,183 - INFO - app.detection.analysis - Processing image 7/10: /app/uploads/pm_266.jpg
2025-09-25 09:39:18,184 - INFO - app.detection.model - Starting detection for image: /app/uploads/pm_266.jpg
2025-09-25 09:39:18,421 - INFO - app.detection.analysis - Processing image 8/10: /app/uploads/pm_267.jpg
2025-09-25 09:39:18,421 - INFO - app.detection.model - Starting detection for image: /app/uploads/pm_267.jpg
2025-09-25 09:39:18,665 - INFO - app.detection.model - Detection completed for /app/uploads/pm_267.jpg: No parasites detected, 0 WBCs
2025-09-25 09:39:18,665 - INFO - app.detection.analysis - Processing image 9/10: /app/uploads/pm_268.jpg
2025-09-25 09:39:18,666 - INFO - app.detection.model - Starting detection for image: /app/uploads/pm_268.jpg
2025-09-25 09:39:18,903 - INFO - app.detection.analysis - Processing image 10/10: /app/uploads/pm_269.jpg
2025-09-25 09:39:18,903 - INFO - app.detection.model - Starting detection for image: /app/uploads/pm_269.jpg
2025-09-25 09:39:19,150 - INFO - app.detection.model - Detection completed for /app/uploads/pm_269.jpg: No parasites detected, 0 WBCs
2025-09-25 09:39:19,150 - INFO - app.detection.analysis - Analysis completed: Status=POSITIVE, Total Parasites=10,{'Most Probable Parasite': 'PM', 'Confidence level': '0.86'}, Total WBCs=3, Ratio=3.33
2025-09-25 09:39:19,150 - INFO - app.detection.analysis - Analysis summary: 9/10 images successfully processed
2025-09-25 09:39:19,151 - INFO - app.routes - Diagnosis completed successfully: Status=POSITIVE
2025-09-25 09:39:19,151 - INFO - werkzeug - 192.168.65.1 - - [25/Sep/2025 09:39:19] "POST /diagnose HTTP/1.1" 200 -
2025-09-25 09:39:19,822 - INFO - app.routes - Received diagnosis request with 10 image paths
2025-09-25 09:39:19,822 - INFO - app.detection.analysis - Starting analysis for 10 images
2025-09-25 09:39:19,822 - INFO - app.detection.analysis - Processing image 1/10: /app/uploads/pm_2609.jpg
2025-09-25 09:39:19,822 - ERROR - app.detection.model - Error processing image /app/uploads/pm_2609.jpg: Image not found at /app/uploads/pm_2609.jpg
2025-09-25 09:39:19,823 - WARNING - app.detection.analysis - Skipping image /app/uploads/pm_2609.jpg due to error: Error processing image: Image not found at /app/uploads/pm_2609.jpg
2025-09-25 09:39:19,823 - INFO - app.detection.analysis - Processing image 2/10: /app/uploads/pm_261.jpg
2025-09-25 09:39:19,823 - INFO - app.detection.model - Starting detection for image: /app/uploads/pm_261.jpg
2025-09-25 09:39:20,100 - INFO - app.detection.analysis - Processing image 3/10: /app/uploads/pm_262.jpg
2025-09-25 09:39:20,100 - INFO - app.detection.model - Starting detection for image: /app/uploads/pm_262.jpg
2025-09-25 09:39:20,350 - INFO - app.detection.analysis - Processing image 4/10: /app/uploads/pm_263.jpg
2025-09-25 09:39:20,351 - INFO - app.detection.model - Starting detection for image: /app/uploads/pm_263.jpg
2025-09-25 09:39:20,589 - INFO - app.detection.analysis - Processing image 5/10: /app/uploads/pm_264.jpg
2025-09-25 09:39:20,589 - INFO - app.detection.model - Starting detection for image: /app/uploads/pm_264.jpg
2025-09-25 09:39:20,831 - INFO - app.detection.analysis - Processing image 6/10: /app/uploads/pm_265.jpg
2025-09-25 09:39:20,831 - INFO - app.detection.model - Starting detection for image: /app/uploads/pm_265.jpg
2025-09-25 09:39:21,078 - INFO - app.detection.model - Detection completed for /app/uploads/pm_265.jpg: No parasites detected, 0 WBCs
2025-09-25 09:39:21,078 - INFO - app.detection.analysis - Processing image 7/10: /app/uploads/pm_266.jpg
2025-09-25 09:39:21,079 - INFO - app.detection.model - Starting detection for image: /app/uploads/pm_266.jpg
2025-09-25 09:39:21,328 - INFO - app.detection.analysis - Processing image 8/10: /app/uploads/pm_267.jpg
2025-09-25 09:39:21,328 - INFO - app.detection.model - Starting detection for image: /app/uploads/pm_267.jpg
2025-09-25 09:39:21,571 - INFO - app.detection.model - Detection completed for /app/uploads/pm_267.jpg: No parasites detected, 0 WBCs
2025-09-25 09:39:21,571 - INFO - app.detection.analysis - Processing image 9/10: /app/uploads/pm_268.jpg
2025-09-25 09:39:21,571 - INFO - app.detection.model - Starting detection for image: /app/uploads/pm_268.jpg
2025-09-25 09:39:21,822 - INFO - app.detection.analysis - Processing image 10/10: /app/uploads/pm_269.jpg
2025-09-25 09:39:21,822 - INFO - app.detection.model - Starting detection for image: /app/uploads/pm_269.jpg
2025-09-25 09:39:22,068 - INFO - app.detection.model - Detection completed for /app/uploads/pm_269.jpg: No parasites detected, 0 WBCs
2025-09-25 09:39:22,069 - INFO - app.detection.analysis - Analysis completed: Status=POSITIVE, Total Parasites=10,{'Most Probable Parasite': 'PM', 'Confidence level': '0.86'}, Total WBCs=3, Ratio=3.33
2025-09-25 09:39:22,069 - INFO - app.detection.analysis - Analysis summary: 9/10 images successfully processed
2025-09-25 09:39:22,069 - INFO - app.routes - Diagnosis completed successfully: Status=POSITIVE
2025-09-25 09:39:22,071 - INFO - werkzeug - 192.168.65.1 - - [25/Sep/2025 09:39:22] "POST /diagnose HTTP/1.1" 200 -
2025-09-25 09:39:22,790 - INFO - app.routes - Received diagnosis request with 10 image paths
2025-09-25 09:39:22,792 - INFO - app.detection.analysis - Starting analysis for 10 images
2025-09-25 09:39:22,792 - INFO - app.detection.analysis - Processing image 1/10: /app/uploads/pm_2609.jpg
2025-09-25 09:39:22,793 - ERROR - app.detection.model - Error processing image /app/uploads/pm_2609.jpg: Image not found at /app/uploads/pm_2609.jpg
2025-09-25 09:39:22,794 - WARNING - app.detection.analysis - Skipping image /app/uploads/pm_2609.jpg due to error: Error processing image: Image not found at /app/uploads/pm_2609.jpg
2025-09-25 09:39:22,795 - INFO - app.detection.analysis - Processing image 2/10: /app/uploads/pm_261.jpg
2025-09-25 09:39:22,795 - INFO - app.detection.model - Starting detection for image: /app/uploads/pm_261.jpg
2025-09-25 09:39:23,098 - INFO - app.detection.analysis - Processing image 3/10: /app/uploads/pm_262.jpg
2025-09-25 09:39:23,099 - INFO - app.detection.model - Starting detection for image: /app/uploads/pm_262.jpg
2025-09-25 09:39:23,356 - INFO - app.detection.analysis - Processing image 4/10: /app/uploads/pm_263.jpg
2025-09-25 09:39:23,356 - INFO - app.detection.model - Starting detection for image: /app/uploads/pm_263.jpg
2025-09-25 09:39:23,598 - INFO - app.detection.analysis - Processing image 5/10: /app/uploads/pm_264.jpg
2025-09-25 09:39:23,598 - INFO - app.detection.model - Starting detection for image: /app/uploads/pm_264.jpg
2025-09-25 09:39:23,836 - INFO - app.detection.analysis - Processing image 6/10: /app/uploads/pm_265.jpg
2025-09-25 09:39:23,837 - INFO - app.detection.model - Starting detection for image: /app/uploads/pm_265.jpg
2025-09-25 09:39:24,096 - INFO - app.detection.model - Detection completed for /app/uploads/pm_265.jpg: No parasites detected, 0 WBCs
2025-09-25 09:39:24,097 - INFO - app.detection.analysis - Processing image 7/10: /app/uploads/pm_266.jpg
2025-09-25 09:39:24,097 - INFO - app.detection.model - Starting detection for image: /app/uploads/pm_266.jpg
2025-09-25 09:39:24,340 - INFO - app.detection.analysis - Processing image 8/10: /app/uploads/pm_267.jpg
2025-09-25 09:39:24,341 - INFO - app.detection.model - Starting detection for image: /app/uploads/pm_267.jpg
2025-09-25 09:39:24,594 - INFO - app.detection.model - Detection completed for /app/uploads/pm_267.jpg: No parasites detected, 0 WBCs
2025-09-25 09:39:24,594 - INFO - app.detection.analysis - Processing image 9/10: /app/uploads/pm_268.jpg
2025-09-25 09:39:24,594 - INFO - app.detection.model - Starting detection for image: /app/uploads/pm_268.jpg
2025-09-25 09:39:24,847 - INFO - app.detection.analysis - Processing image 10/10: /app/uploads/pm_269.jpg
2025-09-25 09:39:24,847 - INFO - app.detection.model - Starting detection for image: /app/uploads/pm_269.jpg
2025-09-25 09:39:25,117 - INFO - app.detection.model - Detection completed for /app/uploads/pm_269.jpg: No parasites detected, 0 WBCs
2025-09-25 09:39:25,118 - INFO - app.detection.analysis - Analysis completed: Status=POSITIVE, Total Parasites=10,{'Most Probable Parasite': 'PM', 'Confidence level': '0.86'}, Total WBCs=3, Ratio=3.33
2025-09-25 09:39:25,118 - INFO - app.detection.analysis - Analysis summary: 9/10 images successfully processed
2025-09-25 09:39:25,118 - INFO - app.routes - Diagnosis completed successfully: Status=POSITIVE
2025-09-25 09:39:25,119 - INFO - werkzeug - 192.168.65.1 - - [25/Sep/2025 09:39:25] "POST /diagnose HTTP/1.1" 200 -
2025-09-25 09:39:25,825 - INFO - app.routes - Received diagnosis request with 10 image paths
2025-09-25 09:39:25,826 - INFO - app.detection.analysis - Starting analysis for 10 images
2025-09-25 09:39:25,826 - INFO - app.detection.analysis - Processing image 1/10: /app/uploads/pm_2609.jpg
2025-09-25 09:39:25,827 - ERROR - app.detection.model - Error processing image /app/uploads/pm_2609.jpg: Image not found at /app/uploads/pm_2609.jpg
2025-09-25 09:39:25,827 - WARNING - app.detection.analysis - Skipping image /app/uploads/pm_2609.jpg due to error: Error processing image: Image not found at /app/uploads/pm_2609.jpg
2025-09-25 09:39:25,827 - INFO - app.detection.analysis - Processing image 2/10: /app/uploads/pm_261.jpg
2025-09-25 09:39:25,827 - INFO - app.detection.model - Starting detection for image: /app/uploads/pm_261.jpg
2025-09-25 09:39:26,319 - INFO - app.detection.analysis - Processing image 3/10: /app/uploads/pm_262.jpg
2025-09-25 09:39:26,320 - INFO - app.detection.model - Starting detection for image: /app/uploads/pm_262.jpg
2025-09-25 09:39:26,607 - INFO - app.detection.analysis - Processing image 4/10: /app/uploads/pm_263.jpg
2025-09-25 09:39:26,607 - INFO - app.detection.model - Starting detection for image: /app/uploads/pm_263.jpg
2025-09-25 09:39:26,855 - INFO - app.detection.analysis - Processing image 5/10: /app/uploads/pm_264.jpg
2025-09-25 09:39:26,856 - INFO - app.detection.model - Starting detection for image: /app/uploads/pm_264.jpg
2025-09-25 09:39:27,115 - INFO - app.detection.analysis - Processing image 6/10: /app/uploads/pm_265.jpg
2025-09-25 09:39:27,115 - INFO - app.detection.model - Starting detection for image: /app/uploads/pm_265.jpg
2025-09-25 09:39:27,386 - INFO - app.detection.model - Detection completed for /app/uploads/pm_265.jpg: No parasites detected, 0 WBCs
2025-09-25 09:39:27,386 - INFO - app.detection.analysis - Processing image 7/10: /app/uploads/pm_266.jpg
2025-09-25 09:39:27,387 - INFO - app.detection.model - Starting detection for image: /app/uploads/pm_266.jpg
2025-09-25 09:39:27,630 - INFO - app.detection.analysis - Processing image 8/10: /app/uploads/pm_267.jpg
2025-09-25 09:39:27,630 - INFO - app.detection.model - Starting detection for image: /app/uploads/pm_267.jpg
2025-09-25 09:39:27,877 - INFO - app.detection.model - Detection completed for /app/uploads/pm_267.jpg: No parasites detected, 0 WBCs
2025-09-25 09:39:27,877 - INFO - app.detection.analysis - Processing image 9/10: /app/uploads/pm_268.jpg
2025-09-25 09:39:27,877 - INFO - app.detection.model - Starting detection for image: /app/uploads/pm_268.jpg
2025-09-25 09:39:28,136 - INFO - app.detection.analysis - Processing image 10/10: /app/uploads/pm_269.jpg
2025-09-25 09:39:28,137 - INFO - app.detection.model - Starting detection for image: /app/uploads/pm_269.jpg
2025-09-25 09:39:28,387 - INFO - app.detection.model - Detection completed for /app/uploads/pm_269.jpg: No parasites detected, 0 WBCs
2025-09-25 09:39:28,387 - INFO - app.detection.analysis - Analysis completed: Status=POSITIVE, Total Parasites=10,{'Most Probable Parasite': 'PM', 'Confidence level': '0.86'}, Total WBCs=3, Ratio=3.33
2025-09-25 09:39:28,388 - INFO - app.detection.analysis - Analysis summary: 9/10 images successfully processed
2025-09-25 09:39:28,388 - INFO - app.routes - Diagnosis completed successfully: Status=POSITIVE
2025-09-25 09:39:28,388 - INFO - werkzeug - 192.168.65.1 - - [25/Sep/2025 09:39:28] "POST /diagnose HTTP/1.1" 200 -
2025-09-25 09:39:29,169 - INFO - app.routes - Received diagnosis request with 10 image paths
2025-09-25 09:39:29,169 - INFO - app.detection.analysis - Starting analysis for 10 images
2025-09-25 09:39:29,169 - INFO - app.detection.analysis - Processing image 1/10: /app/uploads/pm_2609.jpg
2025-09-25 09:39:29,170 - ERROR - app.detection.model - Error processing image /app/uploads/pm_2609.jpg: Image not found at /app/uploads/pm_2609.jpg
2025-09-25 09:39:29,170 - WARNING - app.detection.analysis - Skipping image /app/uploads/pm_2609.jpg due to error: Error processing image: Image not found at /app/uploads/pm_2609.jpg
2025-09-25 09:39:29,170 - INFO - app.detection.analysis - Processing image 2/10: /app/uploads/pm_261.jpg
2025-09-25 09:39:29,170 - INFO - app.detection.model - Starting detection for image: /app/uploads/pm_261.jpg
2025-09-25 09:39:29,436 - INFO - app.detection.analysis - Processing image 3/10: /app/uploads/pm_262.jpg
2025-09-25 09:39:29,436 - INFO - app.detection.model - Starting detection for image: /app/uploads/pm_262.jpg
2025-09-25 09:39:29,677 - INFO - app.detection.analysis - Processing image 4/10: /app/uploads/pm_263.jpg
2025-09-25 09:39:29,677 - INFO - app.detection.model - Starting detection for image: /app/uploads/pm_263.jpg
2025-09-25 09:39:29,963 - INFO - app.detection.analysis - Processing image 5/10: /app/uploads/pm_264.jpg
2025-09-25 09:39:29,963 - INFO - app.detection.model - Starting detection for image: /app/uploads/pm_264.jpg
2025-09-25 09:39:30,227 - INFO - app.detection.analysis - Processing image 6/10: /app/uploads/pm_265.jpg
2025-09-25 09:39:30,227 - INFO - app.detection.model - Starting detection for image: /app/uploads/pm_265.jpg
2025-09-25 09:39:30,478 - INFO - app.detection.model - Detection completed for /app/uploads/pm_265.jpg: No parasites detected, 0 WBCs
2025-09-25 09:39:30,478 - INFO - app.detection.analysis - Processing image 7/10: /app/uploads/pm_266.jpg
2025-09-25 09:39:30,478 - INFO - app.detection.model - Starting detection for image: /app/uploads/pm_266.jpg
2025-09-25 09:39:30,719 - INFO - app.detection.analysis - Processing image 8/10: /app/uploads/pm_267.jpg
2025-09-25 09:39:30,719 - INFO - app.detection.model - Starting detection for image: /app/uploads/pm_267.jpg
2025-09-25 09:39:31,071 - INFO - app.detection.model - Detection completed for /app/uploads/pm_267.jpg: No parasites detected, 0 WBCs
2025-09-25 09:39:31,071 - INFO - app.detection.analysis - Processing image 9/10: /app/uploads/pm_268.jpg
2025-09-25 09:39:31,071 - INFO - app.detection.model - Starting detection for image: /app/uploads/pm_268.jpg
2025-09-25 09:39:31,329 - INFO - app.detection.analysis - Processing image 10/10: /app/uploads/pm_269.jpg
2025-09-25 09:39:31,329 - INFO - app.detection.model - Starting detection for image: /app/uploads/pm_269.jpg
2025-09-25 09:39:31,574 - INFO - app.detection.model - Detection completed for /app/uploads/pm_269.jpg: No parasites detected, 0 WBCs
2025-09-25 09:39:31,574 - INFO - app.detection.analysis - Analysis completed: Status=POSITIVE, Total Parasites=10,{'Most Probable Parasite': 'PM', 'Confidence level': '0.86'}, Total WBCs=3, Ratio=3.33
2025-09-25 09:39:31,575 - INFO - app.detection.analysis - Analysis summary: 9/10 images successfully processed
2025-09-25 09:39:31,575 - INFO - app.routes - Diagnosis completed successfully: Status=POSITIVE
2025-09-25 09:39:31,575 - INFO - werkzeug - 192.168.65.1 - - [25/Sep/2025 09:39:31] "POST /diagnose HTTP/1.1" 200 -
2025-09-25 09:39:32,336 - INFO - app.routes - Received diagnosis request with 10 image paths
2025-09-25 09:39:32,336 - INFO - app.detection.analysis - Starting analysis for 10 images
2025-09-25 09:39:32,337 - INFO - app.detection.analysis - Processing image 1/10: /app/uploads/pm_2609.jpg
2025-09-25 09:39:32,337 - ERROR - app.detection.model - Error processing image /app/uploads/pm_2609.jpg: Image not found at /app/uploads/pm_2609.jpg
2025-09-25 09:39:32,337 - WARNING - app.detection.analysis - Skipping image /app/uploads/pm_2609.jpg due to error: Error processing image: Image not found at /app/uploads/pm_2609.jpg
2025-09-25 09:39:32,338 - INFO - app.detection.analysis - Processing image 2/10: /app/uploads/pm_261.jpg
2025-09-25 09:39:32,338 - INFO - app.detection.model - Starting detection for image: /app/uploads/pm_261.jpg
2025-09-25 09:39:32,587 - INFO - app.detection.analysis - Processing image 3/10: /app/uploads/pm_262.jpg
2025-09-25 09:39:32,587 - INFO - app.detection.model - Starting detection for image: /app/uploads/pm_262.jpg
2025-09-25 09:39:32,852 - INFO - app.detection.analysis - Processing image 4/10: /app/uploads/pm_263.jpg
2025-09-25 09:39:32,852 - INFO - app.detection.model - Starting detection for image: /app/uploads/pm_263.jpg
2025-09-25 09:39:33,114 - INFO - app.detection.analysis - Processing image 5/10: /app/uploads/pm_264.jpg
2025-09-25 09:39:33,114 - INFO - app.detection.model - Starting detection for image: /app/uploads/pm_264.jpg
2025-09-25 09:39:33,414 - INFO - app.detection.analysis - Processing image 6/10: /app/uploads/pm_265.jpg
2025-09-25 09:39:33,414 - INFO - app.detection.model - Starting detection for image: /app/uploads/pm_265.jpg
2025-09-25 09:39:33,648 - INFO - app.detection.model - Detection completed for /app/uploads/pm_265.jpg: No parasites detected, 0 WBCs
2025-09-25 09:39:33,648 - INFO - app.detection.analysis - Processing image 7/10: /app/uploads/pm_266.jpg
2025-09-25 09:39:33,648 - INFO - app.detection.model - Starting detection for image: /app/uploads/pm_266.jpg
2025-09-25 09:39:33,894 - INFO - app.detection.analysis - Processing image 8/10: /app/uploads/pm_267.jpg
2025-09-25 09:39:33,894 - INFO - app.detection.model - Starting detection for image: /app/uploads/pm_267.jpg
2025-09-25 09:39:34,142 - INFO - app.detection.model - Detection completed for /app/uploads/pm_267.jpg: No parasites detected, 0 WBCs
2025-09-25 09:39:34,142 - INFO - app.detection.analysis - Processing image 9/10: /app/uploads/pm_268.jpg
2025-09-25 09:39:34,142 - INFO - app.detection.model - Starting detection for image: /app/uploads/pm_268.jpg
2025-09-25 09:39:34,388 - INFO - app.detection.analysis - Processing image 10/10: /app/uploads/pm_269.jpg
2025-09-25 09:39:34,388 - INFO - app.detection.model - Starting detection for image: /app/uploads/pm_269.jpg
2025-09-25 09:39:34,623 - INFO - app.detection.model - Detection completed for /app/uploads/pm_269.jpg: No parasites detected, 0 WBCs
2025-09-25 09:39:34,623 - INFO - app.detection.analysis - Analysis completed: Status=POSITIVE, Total Parasites=10,{'Most Probable Parasite': 'PM', 'Confidence level': '0.86'}, Total WBCs=3, Ratio=3.33
2025-09-25 09:39:34,623 - INFO - app.detection.analysis - Analysis summary: 9/10 images successfully processed
2025-09-25 09:39:34,623 - INFO - app.routes - Diagnosis completed successfully: Status=POSITIVE
2025-09-25 09:39:34,625 - INFO - werkzeug - 192.168.65.1 - - [25/Sep/2025 09:39:34] "POST /diagnose HTTP/1.1" 200 -
2025-09-25 09:39:35,536 - INFO - app.routes - Received diagnosis request with 10 image paths
2025-09-25 09:39:35,536 - INFO - app.detection.analysis - Starting analysis for 10 images
2025-09-25 09:39:35,536 - INFO - app.detection.analysis - Processing image 1/10: /app/uploads/pm_2609.jpg
2025-09-25 09:39:35,536 - ERROR - app.detection.model - Error processing image /app/uploads/pm_2609.jpg: Image not found at /app/uploads/pm_2609.jpg
2025-09-25 09:39:35,537 - WARNING - app.detection.analysis - Skipping image /app/uploads/pm_2609.jpg due to error: Error processing image: Image not found at /app/uploads/pm_2609.jpg
2025-09-25 09:39:35,537 - INFO - app.detection.analysis - Processing image 2/10: /app/uploads/pm_261.jpg
2025-09-25 09:39:35,537 - INFO - app.detection.model - Starting detection for image: /app/uploads/pm_261.jpg
2025-09-25 09:39:35,798 - INFO - app.detection.analysis - Processing image 3/10: /app/uploads/pm_262.jpg
2025-09-25 09:39:35,798 - INFO - app.detection.model - Starting detection for image: /app/uploads/pm_262.jpg
2025-09-25 09:39:36,167 - INFO - app.detection.analysis - Processing image 4/10: /app/uploads/pm_263.jpg
2025-09-25 09:39:36,167 - INFO - app.detection.model - Starting detection for image: /app/uploads/pm_263.jpg
2025-09-25 09:39:36,427 - INFO - app.detection.analysis - Processing image 5/10: /app/uploads/pm_264.jpg
2025-09-25 09:39:36,427 - INFO - app.detection.model - Starting detection for image: /app/uploads/pm_264.jpg
2025-09-25 09:39:36,672 - INFO - app.detection.analysis - Processing image 6/10: /app/uploads/pm_265.jpg
2025-09-25 09:39:36,672 - INFO - app.detection.model - Starting detection for image: /app/uploads/pm_265.jpg
2025-09-25 09:39:36,921 - INFO - app.detection.model - Detection completed for /app/uploads/pm_265.jpg: No parasites detected, 0 WBCs
2025-09-25 09:39:36,922 - INFO - app.detection.analysis - Processing image 7/10: /app/uploads/pm_266.jpg
2025-09-25 09:39:36,922 - INFO - app.detection.model - Starting detection for image: /app/uploads/pm_266.jpg
2025-09-25 09:39:37,203 - INFO - app.detection.analysis - Processing image 8/10: /app/uploads/pm_267.jpg
2025-09-25 09:39:37,203 - INFO - app.detection.model - Starting detection for image: /app/uploads/pm_267.jpg
2025-09-25 09:39:37,495 - INFO - app.detection.model - Detection completed for /app/uploads/pm_267.jpg: No parasites detected, 0 WBCs
2025-09-25 09:39:37,495 - INFO - app.detection.analysis - Processing image 9/10: /app/uploads/pm_268.jpg
2025-09-25 09:39:37,496 - INFO - app.detection.model - Starting detection for image: /app/uploads/pm_268.jpg
2025-09-25 09:39:37,738 - INFO - app.detection.analysis - Processing image 10/10: /app/uploads/pm_269.jpg
2025-09-25 09:39:37,738 - INFO - app.detection.model - Starting detection for image: /app/uploads/pm_269.jpg
2025-09-25 09:39:37,984 - INFO - app.detection.model - Detection completed for /app/uploads/pm_269.jpg: No parasites detected, 0 WBCs
2025-09-25 09:39:37,984 - INFO - app.detection.analysis - Analysis completed: Status=POSITIVE, Total Parasites=10,{'Most Probable Parasite': 'PM', 'Confidence level': '0.86'}, Total WBCs=3, Ratio=3.33
2025-09-25 09:39:37,984 - INFO - app.detection.analysis - Analysis summary: 9/10 images successfully processed
2025-09-25 09:39:37,985 - INFO - app.routes - Diagnosis completed successfully: Status=POSITIVE
2025-09-25 09:39:37,985 - INFO - werkzeug - 192.168.65.1 - - [25/Sep/2025 09:39:37] "POST /diagnose HTTP/1.1" 200 -
2025-09-25 09:39:38,868 - INFO - app.routes - Received diagnosis request with 10 image paths
2025-09-25 09:39:38,868 - INFO - app.detection.analysis - Starting analysis for 10 images
2025-09-25 09:39:38,869 - INFO - app.detection.analysis - Processing image 1/10: /app/uploads/pm_2609.jpg
2025-09-25 09:39:38,869 - ERROR - app.detection.model - Error processing image /app/uploads/pm_2609.jpg: Image not found at /app/uploads/pm_2609.jpg
2025-09-25 09:39:38,869 - WARNING - app.detection.analysis - Skipping image /app/uploads/pm_2609.jpg due to error: Error processing image: Image not found at /app/uploads/pm_2609.jpg
2025-09-25 09:39:38,869 - INFO - app.detection.analysis - Processing image 2/10: /app/uploads/pm_261.jpg
2025-09-25 09:39:38,870 - INFO - app.detection.model - Starting detection for image: /app/uploads/pm_261.jpg
2025-09-25 09:39:39,136 - INFO - app.detection.analysis - Processing image 3/10: /app/uploads/pm_262.jpg
2025-09-25 09:39:39,137 - INFO - app.detection.model - Starting detection for image: /app/uploads/pm_262.jpg
2025-09-25 09:39:39,382 - INFO - app.detection.analysis - Processing image 4/10: /app/uploads/pm_263.jpg
2025-09-25 09:39:39,383 - INFO - app.detection.model - Starting detection for image: /app/uploads/pm_263.jpg
2025-09-25 09:39:39,614 - INFO - app.detection.analysis - Processing image 5/10: /app/uploads/pm_264.jpg
2025-09-25 09:39:39,614 - INFO - app.detection.model - Starting detection for image: /app/uploads/pm_264.jpg
2025-09-25 09:39:39,870 - INFO - app.detection.analysis - Processing image 6/10: /app/uploads/pm_265.jpg
2025-09-25 09:39:39,870 - INFO - app.detection.model - Starting detection for image: /app/uploads/pm_265.jpg
2025-09-25 09:39:40,108 - INFO - app.detection.model - Detection completed for /app/uploads/pm_265.jpg: No parasites detected, 0 WBCs
2025-09-25 09:39:40,108 - INFO - app.detection.analysis - Processing image 7/10: /app/uploads/pm_266.jpg
2025-09-25 09:39:40,108 - INFO - app.detection.model - Starting detection for image: /app/uploads/pm_266.jpg
2025-09-25 09:39:40,344 - INFO - app.detection.analysis - Processing image 8/10: /app/uploads/pm_267.jpg
2025-09-25 09:39:40,345 - INFO - app.detection.model - Starting detection for image: /app/uploads/pm_267.jpg
2025-09-25 09:39:40,575 - INFO - app.detection.model - Detection completed for /app/uploads/pm_267.jpg: No parasites detected, 0 WBCs
2025-09-25 09:39:40,576 - INFO - app.detection.analysis - Processing image 9/10: /app/uploads/pm_268.jpg
2025-09-25 09:39:40,576 - INFO - app.detection.model - Starting detection for image: /app/uploads/pm_268.jpg
2025-09-25 09:39:40,805 - INFO - app.detection.analysis - Processing image 10/10: /app/uploads/pm_269.jpg
2025-09-25 09:39:40,806 - INFO - app.detection.model - Starting detection for image: /app/uploads/pm_269.jpg
2025-09-25 09:39:41,036 - INFO - app.detection.model - Detection completed for /app/uploads/pm_269.jpg: No parasites detected, 0 WBCs
2025-09-25 09:39:41,036 - INFO - app.detection.analysis - Analysis completed: Status=POSITIVE, Total Parasites=10,{'Most Probable Parasite': 'PM', 'Confidence level': '0.86'}, Total WBCs=3, Ratio=3.33
2025-09-25 09:39:41,037 - INFO - app.detection.analysis - Analysis summary: 9/10 images successfully processed
2025-09-25 09:39:41,037 - INFO - app.routes - Diagnosis completed successfully: Status=POSITIVE
2025-09-25 09:39:41,037 - INFO - werkzeug - 192.168.65.1 - - [25/Sep/2025 09:39:41] "POST /diagnose HTTP/1.1" 200 -
2025-09-25 09:39:41,573 - INFO - app.routes - Received diagnosis request with 10 image paths
2025-09-25 09:39:41,574 - INFO - app.detection.analysis - Starting analysis for 10 images
2025-09-25 09:39:41,574 - INFO - app.detection.analysis - Processing image 1/10: /app/uploads/pm_2609.jpg
2025-09-25 09:39:41,574 - ERROR - app.detection.model - Error processing image /app/uploads/pm_2609.jpg: Image not found at /app/uploads/pm_2609.jpg
2025-09-25 09:39:41,574 - WARNING - app.detection.analysis - Skipping image /app/uploads/pm_2609.jpg due to error: Error processing image: Image not found at /app/uploads/pm_2609.jpg
2025-09-25 09:39:41,575 - INFO - app.detection.analysis - Processing image 2/10: /app/uploads/pm_261.jpg
2025-09-25 09:39:41,575 - INFO - app.detection.model - Starting detection for image: /app/uploads/pm_261.jpg
2025-09-25 09:39:41,927 - INFO - app.detection.analysis - Processing image 3/10: /app/uploads/pm_262.jpg
2025-09-25 09:39:41,927 - INFO - app.detection.model - Starting detection for image: /app/uploads/pm_262.jpg
2025-09-25 09:39:42,178 - INFO - app.detection.analysis - Processing image 4/10: /app/uploads/pm_263.jpg
2025-09-25 09:39:42,179 - INFO - app.detection.model - Starting detection for image: /app/uploads/pm_263.jpg
2025-09-25 09:39:42,428 - INFO - app.detection.analysis - Processing image 5/10: /app/uploads/pm_264.jpg
2025-09-25 09:39:42,428 - INFO - app.detection.model - Starting detection for image: /app/uploads/pm_264.jpg
2025-09-25 09:39:42,670 - INFO - app.detection.analysis - Processing image 6/10: /app/uploads/pm_265.jpg
2025-09-25 09:39:42,670 - INFO - app.detection.model - Starting detection for image: /app/uploads/pm_265.jpg
2025-09-25 09:39:42,935 - INFO - app.detection.model - Detection completed for /app/uploads/pm_265.jpg: No parasites detected, 0 WBCs
2025-09-25 09:39:42,936 - INFO - app.detection.analysis - Processing image 7/10: /app/uploads/pm_266.jpg
2025-09-25 09:39:42,936 - INFO - app.detection.model - Starting detection for image: /app/uploads/pm_266.jpg
2025-09-25 09:39:43,187 - INFO - app.detection.analysis - Processing image 8/10: /app/uploads/pm_267.jpg
2025-09-25 09:39:43,188 - INFO - app.detection.model - Starting detection for image: /app/uploads/pm_267.jpg
2025-09-25 09:39:43,443 - INFO - app.detection.model - Detection completed for /app/uploads/pm_267.jpg: No parasites detected, 0 WBCs
2025-09-25 09:39:43,444 - INFO - app.detection.analysis - Processing image 9/10: /app/uploads/pm_268.jpg
2025-09-25 09:39:43,444 - INFO - app.detection.model - Starting detection for image: /app/uploads/pm_268.jpg
2025-09-25 09:39:43,684 - INFO - app.detection.analysis - Processing image 10/10: /app/uploads/pm_269.jpg
2025-09-25 09:39:43,684 - INFO - app.detection.model - Starting detection for image: /app/uploads/pm_269.jpg
2025-09-25 09:39:43,930 - INFO - app.detection.model - Detection completed for /app/uploads/pm_269.jpg: No parasites detected, 0 WBCs
2025-09-25 09:39:43,931 - INFO - app.detection.analysis - Analysis completed: Status=POSITIVE, Total Parasites=10,{'Most Probable Parasite': 'PM', 'Confidence level': '0.86'}, Total WBCs=3, Ratio=3.33
2025-09-25 09:39:43,931 - INFO - app.detection.analysis - Analysis summary: 9/10 images successfully processed
2025-09-25 09:39:43,931 - INFO - app.routes - Diagnosis completed successfully: Status=POSITIVE
2025-09-25 09:39:43,932 - INFO - werkzeug - 192.168.65.1 - - [25/Sep/2025 09:39:43] "POST /diagnose HTTP/1.1" 200 -
2025-09-25 09:39:44,515 - INFO - app.routes - Received diagnosis request with 10 image paths
2025-09-25 09:39:44,516 - INFO - app.detection.analysis - Starting analysis for 10 images
2025-09-25 09:39:44,516 - INFO - app.detection.analysis - Processing image 1/10: /app/uploads/pm_2609.jpg
2025-09-25 09:39:44,517 - ERROR - app.detection.model - Error processing image /app/uploads/pm_2609.jpg: Image not found at /app/uploads/pm_2609.jpg
2025-09-25 09:39:44,517 - WARNING - app.detection.analysis - Skipping image /app/uploads/pm_2609.jpg due to error: Error processing image: Image not found at /app/uploads/pm_2609.jpg
2025-09-25 09:39:44,517 - INFO - app.detection.analysis - Processing image 2/10: /app/uploads/pm_261.jpg
2025-09-25 09:39:44,517 - INFO - app.detection.model - Starting detection for image: /app/uploads/pm_261.jpg
2025-09-25 09:39:44,776 - INFO - app.detection.analysis - Processing image 3/10: /app/uploads/pm_262.jpg
2025-09-25 09:39:44,777 - INFO - app.detection.model - Starting detection for image: /app/uploads/pm_262.jpg
2025-09-25 09:39:45,029 - INFO - app.detection.analysis - Processing image 4/10: /app/uploads/pm_263.jpg
2025-09-25 09:39:45,029 - INFO - app.detection.model - Starting detection for image: /app/uploads/pm_263.jpg
2025-09-25 09:39:45,274 - INFO - app.detection.analysis - Processing image 5/10: /app/uploads/pm_264.jpg
2025-09-25 09:39:45,274 - INFO - app.detection.model - Starting detection for image: /app/uploads/pm_264.jpg
2025-09-25 09:39:45,521 - INFO - app.detection.analysis - Processing image 6/10: /app/uploads/pm_265.jpg
2025-09-25 09:39:45,522 - INFO - app.detection.model - Starting detection for image: /app/uploads/pm_265.jpg
2025-09-25 09:39:45,762 - INFO - app.detection.model - Detection completed for /app/uploads/pm_265.jpg: No parasites detected, 0 WBCs
2025-09-25 09:39:45,762 - INFO - app.detection.analysis - Processing image 7/10: /app/uploads/pm_266.jpg
2025-09-25 09:39:45,762 - INFO - app.detection.model - Starting detection for image: /app/uploads/pm_266.jpg
2025-09-25 09:39:46,006 - INFO - app.detection.analysis - Processing image 8/10: /app/uploads/pm_267.jpg
2025-09-25 09:39:46,006 - INFO - app.detection.model - Starting detection for image: /app/uploads/pm_267.jpg
2025-09-25 09:39:46,314 - INFO - app.detection.model - Detection completed for /app/uploads/pm_267.jpg: No parasites detected, 0 WBCs
2025-09-25 09:39:46,317 - INFO - app.detection.analysis - Processing image 9/10: /app/uploads/pm_268.jpg
2025-09-25 09:39:46,317 - INFO - app.detection.model - Starting detection for image: /app/uploads/pm_268.jpg
2025-09-25 09:39:46,568 - INFO - app.detection.analysis - Processing image 10/10: /app/uploads/pm_269.jpg
2025-09-25 09:39:46,568 - INFO - app.detection.model - Starting detection for image: /app/uploads/pm_269.jpg
2025-09-25 09:39:46,809 - INFO - app.detection.model - Detection completed for /app/uploads/pm_269.jpg: No parasites detected, 0 WBCs
2025-09-25 09:39:46,809 - INFO - app.detection.analysis - Analysis completed: Status=POSITIVE, Total Parasites=10,{'Most Probable Parasite': 'PM', 'Confidence level': '0.86'}, Total WBCs=3, Ratio=3.33
2025-09-25 09:39:46,809 - INFO - app.detection.analysis - Analysis summary: 9/10 images successfully processed
2025-09-25 09:39:46,809 - INFO - app.routes - Diagnosis completed successfully: Status=POSITIVE
2025-09-25 09:39:46,810 - INFO - werkzeug - 192.168.65.1 - - [25/Sep/2025 09:39:46] "POST /diagnose HTTP/1.1" 200 -
